dataset,task,thermometer_type,thermometer_size,address_size,accuracy,f1_macro,f1_weighted,auc_roc,train_time_s,infer_latency_us,memory_kb
Fridge,binary,Distributive,8,4,0.6244993324432577,0.3844257242654613,0.4801472163555929,,0.03384,9.4324,2.9
Fridge,binary,Distributive,8,8,0.6244993324432577,0.3844257242654613,0.4801472163555929,,0.07924,19.8495,2.69
Fridge,binary,Distributive,16,4,0.6244993324432577,0.3844257242654613,0.4801472163555929,,0.25597,101.6584,7.15
Fridge,binary,Distributive,16,8,0.6244993324432577,0.3844257242654613,0.4801472163555929,,0.2058,45.0006,6.16
Fridge,binary,Distributive,16,16,0.6244993324432577,0.3844257242654613,0.4801472163555929,,0.17326,43.1659,6.16
Fridge,binary,Distributive,32,4,0.6244993324432577,0.3844257242654613,0.4801472163555929,,0.62695,623.3731,20.23
Fridge,binary,Distributive,32,8,0.6244993324432577,0.3844257242654613,0.4801472163555929,,0.21133,93.6244,16.16
Fridge,binary,Distributive,32,16,0.6244993324432577,0.3844257242654613,0.4801472163555929,,0.18461,48.3652,15.12
Fridge,binary,Gaussian,8,4,0.6244993324432577,0.3844257242654613,0.4801472163555929,,0.03215,11.0597,2.9
Fridge,binary,Gaussian,8,8,0.6244993324432577,0.3844257242654613,0.4801472163555929,,0.03171,7.2785,2.68
Fridge,binary,Gaussian,16,4,0.6244993324432577,0.3844257242654613,0.4801472163555929,,0.07708,43.4222,7.15
Fridge,binary,Gaussian,16,8,0.6244993324432577,0.3844257242654613,0.4801472163555929,,0.07725,20.9274,6.17
Fridge,binary,Gaussian,16,16,0.6244993324432577,0.3844257242654613,0.4801472163555929,,0.07284,16.2302,6.17
Fridge,binary,Gaussian,32,4,0.6244993324432577,0.3844257242654613,0.4801472163555929,,0.27143,246.4453,20.85
Fridge,binary,Gaussian,32,8,0.6244993324432577,0.3844257242654613,0.4801472163555929,,0.21163,92.1824,16.63
Fridge,binary,Gaussian,32,16,0.6244993324432577,0.3844257242654613,0.4801472163555929,,0.19877,49.9214,15.58
Fridge,multiclass,Distributive,8,4,0.37550066755674233,0.0779977120671127,0.20501735064369575,,0.0359,162.9621,9.46
Fridge,multiclass,Distributive,8,8,0.37550066755674233,0.0779977120671127,0.20501735064369575,,0.03391,81.4256,8.71
Fridge,multiclass,Distributive,16,4,0.37550066755674233,0.0779977120671127,0.20501735064369575,,0.09079,673.693,24.34
Fridge,multiclass,Distributive,16,8,0.37550066755674233,0.0779977120671127,0.20501735064369575,,0.07889,320.5931,20.84
Fridge,multiclass,Distributive,16,16,0.37550066755674233,0.0779977120671127,0.20501735064369575,,0.07953,161.8685,20.88
Fridge,multiclass,Distributive,32,4,0.37550066755674233,0.0779977120671127,0.20501735064369575,,0.28599,3069.7418,70.05
Fridge,multiclass,Distributive,32,8,0.37550066755674233,0.0779977120671127,0.20501735064369575,,0.21835,1239.7944,55.79
Fridge,multiclass,Distributive,32,16,0.37550066755674233,0.0779977120671127,0.20501735064369575,,0.19138,550.1661,52.17
Fridge,multiclass,Gaussian,8,4,0.37550066755674233,0.0779977120671127,0.20501735064369575,,0.03504,149.9466,9.47
Fridge,multiclass,Gaussian,8,8,0.37550066755674233,0.0779977120671127,0.20501735064369575,,0.03427,76.655,8.71
Fridge,multiclass,Gaussian,16,4,0.37550066755674233,0.0779977120671127,0.20501735064369575,,0.08602,655.2397,24.33
Fridge,multiclass,Gaussian,16,8,0.37550066755674233,0.0779977120671127,0.20501735064369575,,0.07888,290.396,20.85
Fridge,multiclass,Gaussian,16,16,0.37550066755674233,0.0779977120671127,0.20501735064369575,,0.07697,163.5768,20.87
Fridge,multiclass,Gaussian,32,4,0.37550066755674233,0.0779977120671127,0.20501735064369575,,0.30613,2998.4164,72.18
Fridge,multiclass,Gaussian,32,8,0.37550066755674233,0.0779977120671127,0.20501735064369575,,0.23076,1270.6768,57.5
Fridge,multiclass,Gaussian,32,16,0.37550066755674233,0.0779977120671127,0.20501735064369575,,0.19945,594.265,53.72
GPS_Tracker,binary,Distributive,8,4,0.8773205577893747,0.8668975667115157,0.875466023760847,,0.07492,48.6404,7.06
GPS_Tracker,binary,Distributive,8,8,0.8773205577893747,0.8668975667115157,0.875466023760847,,0.06328,24.0589,5.5
GPS_Tracker,binary,Distributive,8,16,0.6150226708871589,0.3808136455132959,0.4684180507477259,,0.05526,12.1025,4.73
GPS_Tracker,binary,Distributive,16,4,0.8729574813927624,0.8595788780002747,0.8695497938878578,,0.26688,226.936,24.21
GPS_Tracker,binary,Distributive,16,8,0.8729574813927624,0.8595788780002747,0.8695497938878578,,0.20902,108.0799,17.9
GPS_Tracker,binary,Distributive,16,16,0.8729574813927624,0.8595788780002747,0.8695497938878578,,0.17173,57.7166,14.75
GPS_Tracker,binary,Distributive,32,4,0.8793737702113098,0.8687540122762514,0.8773424420769647,,1.44889,1397.3377,100.41
GPS_Tracker,binary,Distributive,32,8,0.8793737702113098,0.8687540122762514,0.8773424420769647,,0.98727,557.9548,72.05
GPS_Tracker,binary,Distributive,32,16,0.8793737702113098,0.8687540122762514,0.8773424420769647,,0.67444,266.6963,57.88
GPS_Tracker,binary,Gaussian,8,4,0.8021216528359997,0.795715133081035,0.8040374188883298,,0.04693,19.1148,4.19
GPS_Tracker,binary,Gaussian,8,8,0.8021216528359997,0.795715133081035,0.8040374188883298,,0.0386,11.0282,3.3
GPS_Tracker,binary,Gaussian,8,16,0.6150226708871589,0.3808136455132959,0.4684180507477259,,0.03459,6.4954,2.85
GPS_Tracker,binary,Gaussian,16,4,0.8392505774659936,0.8322125146250251,0.8401178408486526,,0.18656,178.4558,16.92
GPS_Tracker,binary,Gaussian,16,8,0.8392505774659936,0.8322125146250251,0.8401178408486526,,0.1456,68.0827,12.54
GPS_Tracker,binary,Gaussian,16,16,0.8392505774659936,0.8322125146250251,0.8401178408486526,,0.12171,39.965,10.35
GPS_Tracker,binary,Gaussian,32,4,0.857986140816152,0.8491368559463143,0.8575422699396006,,0.77538,860.5579,55.25
GPS_Tracker,binary,Gaussian,32,8,0.857986140816152,0.8491368559463143,0.8575422699396006,,0.52777,310.5982,39.67
GPS_Tracker,binary,Gaussian,32,16,0.857986140816152,0.8491368559463143,0.8575422699396006,,0.40426,136.4582,31.88
GPS_Tracker,multiclass,Distributive,8,4,0.5488065702797502,0.3071263729003666,0.49907799168639994,,0.05916,363.7205,16.73
GPS_Tracker,multiclass,Distributive,8,8,0.5482932671742664,0.3060556209742172,0.49879760813766105,,0.0485,160.961,12.98
GPS_Tracker,multiclass,Distributive,8,16,0.0943622208914364,0.09032480065700628,0.05268552050767469,,0.04185,35.6369,11.11
GPS_Tracker,multiclass,Distributive,16,4,0.556506116862007,0.3255679406354218,0.5143861440980575,,0.22619,53750.6829,56.69
GPS_Tracker,multiclass,Distributive,16,8,0.556506116862007,0.3255679406354218,0.5143861440980575,,0.19966,842.5397,41.85
GPS_Tracker,multiclass,Distributive,16,16,0.5553939601334588,0.3255962029355189,0.5144732061993404,,0.15282,410.745,34.43
GPS_Tracker,multiclass,Distributive,32,4,0.5802891607494225,0.37706884834819054,0.5675962535428152,,1.33907,8428.4606,222.62
GPS_Tracker,multiclass,Distributive,32,8,0.5804602617845838,0.37705691397479013,0.5674538681221225,,0.89105,3721.0116,159.53
GPS_Tracker,multiclass,Distributive,32,16,0.5808024638549063,0.37722163492957805,0.56775310519622,,0.6331,1744.5013,127.99
GPS_Tracker,multiclass,Gaussian,8,4,0.5298999058944307,0.27716062780822875,0.45396850752179946,,0.03645,209.7626,10.68
GPS_Tracker,multiclass,Gaussian,8,8,0.5298999058944307,0.27716062780822875,0.45396850752179946,,0.03176,93.7878,8.34
GPS_Tracker,multiclass,Gaussian,8,16,0.09898194884079049,0.09571361639790313,0.05767741809016351,,0.02838,21.4876,7.18
GPS_Tracker,multiclass,Gaussian,16,4,0.5610402942937804,0.3045243146641138,0.48377656702416255,,0.17363,1522.0794,39.33
GPS_Tracker,multiclass,Gaussian,16,8,0.5610402942937804,0.3045243146641138,0.48377656702416255,,0.11701,605.6099,29.09
GPS_Tracker,multiclass,Gaussian,16,16,0.5610402942937804,0.3045243146641138,0.48377656702416255,,0.09824,281.9037,23.97
GPS_Tracker,multiclass,Gaussian,32,4,0.5778937462571648,0.37286804798609485,0.5521446294351432,,0.58219,19580.1365,127.63
GPS_Tracker,multiclass,Gaussian,32,8,0.5778937462571648,0.37286804798609485,0.5521446294351432,,1.04132,6382.5437,91.56
GPS_Tracker,multiclass,Gaussian,32,16,0.5778937462571648,0.37286804798609485,0.5521446294351432,,0.78075,2581.4608,73.52
Modbus,binary,Distributive,8,4,0.5581868838405486,0.5562972518023714,0.5573273960333646,,2.05296,2242.4956,110.64
Modbus,binary,Distributive,8,8,0.5472567509644235,0.546090634398655,0.5469091348211395,,1.63413,1307.5053,119.94
Modbus,binary,Distributive,8,16,0.5495070724389198,0.5484571080309588,0.54923174843861,,1.15831,395.1146,70.9
Modbus,binary,Distributive,16,4,0.573831975996571,0.572771216447234,0.5735285759534272,,4.29344,3398.1016,206.92
Modbus,binary,Distributive,16,8,0.5659022717531076,0.5643725372827497,0.5652909312143208,,2.7954,1185.5813,231.35
Modbus,binary,Distributive,16,16,0.6218388341191599,0.6218375791682089,0.621862087622074,,1.95116,599.5009,234.39
Modbus,binary,Distributive,32,4,0.6083369052721818,0.6073787714563059,0.6080687940742469,,3.66728,2725.8581,400.22
Modbus,binary,Distributive,32,8,0.626553793399057,0.6260890529043425,0.626558031154328,,5.07242,569.8239,397.98
Modbus,binary,Distributive,32,16,0.698349764252036,0.6980913887495238,0.6984056036463518,,1.65076,294.8614,458.88
Modbus,binary,Gaussian,8,4,0.5649378482640377,0.5646101993585709,0.5650351190328481,,0.76444,1049.0124,106.49
Modbus,binary,Gaussian,8,8,0.5274324903557651,0.5260937191675082,0.5269898321402932,,1.18948,1039.4197,114.41
Modbus,binary,Gaussian,8,16,0.5400771538791256,0.5398741804044049,0.5402179926166869,,0.98369,335.7378,65.88
Modbus,binary,Gaussian,16,4,0.5907629661380197,0.5894834178183685,0.5902987921794515,,3.6556,2966.3503,199.26
Modbus,binary,Gaussian,16,8,0.5651521645949421,0.5628855155397425,0.5640053481086804,,2.7947,1251.7267,212.44
Modbus,binary,Gaussian,16,16,0.5869052721817403,0.586799934572286,0.5870346465611371,,1.65615,535.5108,206.29
Modbus,binary,Gaussian,32,4,0.595049292756108,0.5937831463565371,0.5945899805305439,,6.42305,4357.2099,378.01
Modbus,binary,Gaussian,32,8,0.6223746249464209,0.6214061059520554,0.6220873523633464,,4.64889,1734.2711,366.82
Modbus,binary,Gaussian,32,16,0.6797042434633519,0.6784750596504721,0.6791823196606559,,3.03341,659.3866,416.19
Modbus,multiclass,Distributive,8,4,0.47331761680240036,0.1958689760257111,0.39560112657097396,,2.10299,4819.5824,261.52
Modbus,multiclass,Distributive,8,8,0.3979854264894985,0.18546969231994925,0.36043615623388026,,1.55402,3545.7998,231.61
Modbus,multiclass,Distributive,8,16,0.4365623660522932,0.2021857214249568,0.38021328834124335,,0.98072,1627.7485,168.98
Modbus,multiclass,Distributive,16,4,0.48467638234033433,0.21856860028956723,0.41459655125680045,,4.48331,5249.8107,491.56
Modbus,multiclass,Distributive,16,8,0.4593870552936134,0.21532852235508385,0.40455360350349423,,1.9818,2214.5582,443.34
Modbus,multiclass,Distributive,16,16,0.5090012858979854,0.2850590955390751,0.467663445678899,,1.23272,1367.2069,371.95
Modbus,multiclass,Distributive,32,4,0.5004286326618088,0.2512396701116089,0.44337527068190846,,6.63446,7549.8097,957.91
Modbus,multiclass,Distributive,32,8,0.5596870981568796,0.34735372498067285,0.5226573915340256,,4.1846,2754.6829,828.56
Modbus,multiclass,Distributive,32,16,0.6773467638234033,0.5500040084467218,0.6611182706529033,,2.94606,1629.7805,772.45
Modbus,multiclass,Gaussian,8,4,0.46881697385340765,0.19165579622754425,0.38942900130818664,,1.45708,3309.4668,257.59
Modbus,multiclass,Gaussian,8,8,0.4290612944706387,0.18085878146219928,0.3695336372458849,,1.12408,2523.3713,228.01
Modbus,multiclass,Gaussian,8,16,0.43741963137591083,0.20862001447945944,0.3943310693455424,,1.18365,1781.8922,170.97
Modbus,multiclass,Gaussian,16,4,0.48949849978568366,0.21621377951521178,0.41677905260518133,,3.58848,7242.862,479.35
Modbus,multiclass,Gaussian,16,8,0.4739605657951136,0.23621571510411155,0.4264417432545851,,2.58394,2910.0992,422.28
Modbus,multiclass,Gaussian,16,16,0.503643377625375,0.3069695142727506,0.4798405892871752,,2.01791,2181.4824,372.16
Modbus,multiclass,Gaussian,32,4,0.5064294899271324,0.2618570777925283,0.44947143669901574,,8.79013,10449.2223,926.1
Modbus,multiclass,Gaussian,32,8,0.5388984140591513,0.34125402048580566,0.4960144203341868,,8.37496,5230.1861,789.61
Modbus,multiclass,Gaussian,32,16,0.6411273039005573,0.4912660931746035,0.617686134101625,,5.29851,2519.5586,741.36
Thermostat,binary,Distributive,8,4,0.5422556696837181,0.3622508424737282,0.39095375615403477,,0.04519,36.6987,4.92
Thermostat,binary,Distributive,8,8,0.5422556696837181,0.3622508424737282,0.39095375615403477,,0.04514,18.4939,4.53
Thermostat,binary,Distributive,16,4,0.5393064171666836,0.37094635358235917,0.3985154381048168,,0.11892,163.0785,13.13
Thermostat,binary,Distributive,16,8,0.5393064171666836,0.37094635358235917,0.3985154381048168,,0.10974,68.6633,11.26
Thermostat,binary,Distributive,16,16,0.5393064171666836,0.37094635358235917,0.3985154381048168,,0.11829,39.2267,11.27
Thermostat,binary,Distributive,32,4,0.5413403844198108,0.37027258879379393,0.3980773641609105,,0.41936,659.3317,40.64
Thermostat,binary,Distributive,32,8,0.5413403844198108,0.37027258879379393,0.3980773641609105,,0.33677,300.4063,32.37
Thermostat,binary,Distributive,32,16,0.5412386860571545,0.3725920932876943,0.400148509877918,,0.30612,150.6866,30.32
Thermostat,binary,Gaussian,8,4,0.541950574595749,0.3720234952129655,0.39969685926494175,,0.04494,35.8056,4.91
Thermostat,binary,Gaussian,8,8,0.541950574595749,0.3720234952129655,0.39969685926494175,,0.04394,19.5997,4.53
Thermostat,binary,Gaussian,16,4,0.5388996237160582,0.3721914173944636,0.3995977595823239,,0.11892,166.2471,12.78
Thermostat,binary,Gaussian,16,8,0.5381877351774637,0.3743363534323667,0.4014603997347645,,0.10863,74.1954,10.94
Thermostat,binary,Gaussian,16,16,0.5388996237160582,0.3721914173944636,0.3995977595823239,,0.10918,40.8783,10.97
Thermostat,binary,Gaussian,32,4,0.5406284958812163,0.37030228428928075,0.3980460727632898,,0.39473,732.5904,39.42
Thermostat,binary,Gaussian,32,8,0.5406284958812163,0.37030228428928075,0.3980460727632898,,0.31624,312.2826,31.38
Thermostat,binary,Gaussian,32,16,0.5406284958812163,0.37030228428928075,0.3980460727632898,,0.2948,142.7152,29.38
Thermostat,multiclass,Distributive,8,4,0.4577443303162819,0.08971675736012279,0.28747135911170435,,0.06837,375.7545,15.47
Thermostat,multiclass,Distributive,8,8,0.4577443303162819,0.08971675736012279,0.28747135911170435,,0.04975,175.9513,14.21
Thermostat,multiclass,Distributive,16,4,0.4577443303162819,0.08971675736012279,0.28747135911170435,,0.12821,1299.5529,40.55
Thermostat,multiclass,Distributive,16,8,0.4577443303162819,0.08971675736012279,0.28747135911170435,,0.11672,690.0673,34.64
Thermostat,multiclass,Distributive,16,16,0.4577443303162819,0.08971675736012279,0.28747135911170435,,0.11125,351.982,34.75
Thermostat,multiclass,Distributive,32,4,0.4577443303162819,0.08971675736012279,0.28747135911170435,,0.48609,3862.4775,120.05
Thermostat,multiclass,Distributive,32,8,0.4577443303162819,0.08971675736012279,0.28747135911170435,,0.35187,2021.8487,95.46
Thermostat,multiclass,Distributive,32,16,0.4577443303162819,0.08971675736012279,0.28747135911170435,,0.30301,1175.3012,89.26
Thermostat,multiclass,Gaussian,8,4,0.4577443303162819,0.08971675736012279,0.28747135911170435,,0.04821,371.9429,15.59
Thermostat,multiclass,Gaussian,8,8,0.4577443303162819,0.08971675736012279,0.28747135911170435,,0.0475,179.6831,14.32
Thermostat,multiclass,Gaussian,16,4,0.4577443303162819,0.08971675736012279,0.28747135911170435,,0.12498,1225.1888,39.08
Thermostat,multiclass,Gaussian,16,8,0.4577443303162819,0.08971675736012279,0.28747135911170435,,0.1132,632.5327,33.37
Thermostat,multiclass,Gaussian,16,16,0.4577443303162819,0.08971675736012279,0.28747135911170435,,0.10647,318.3807,33.44
Thermostat,multiclass,Gaussian,32,4,0.4577443303162819,0.08971675736012279,0.28747135911170435,,0.45343,3706.8107,116.61
Thermostat,multiclass,Gaussian,32,8,0.4577443303162819,0.08971675736012279,0.28747135911170435,,0.34117,1954.197,92.7
Thermostat,multiclass,Gaussian,32,16,0.4577443303162819,0.08971675736012279,0.28747135911170435,,0.28754,1109.1493,86.68
Weather,binary,Distributive,8,4,0.824603107224722,0.8099081156691352,0.8223775451448528,,13.73542,701.2862,57.94
Weather,binary,Distributive,8,8,0.7903047796926734,0.767086491909466,0.784436215423726,,0.5868,309.6568,47.26
Weather,binary,Distributive,8,16,0.79633245606588,0.7832483959738928,0.7958125296973317,,0.51499,147.9048,44.03
Weather,binary,Distributive,16,4,0.8484591221665676,0.836497232049537,0.8469310338810586,,1.34465,845.1274,116.85
Weather,binary,Distributive,16,8,0.8571186008999067,0.8463227057154091,0.8559325047921928,,1.06222,387.8992,104.14
Weather,binary,Distributive,16,16,0.8248577977757026,0.8131879940532469,0.8242037496730513,,0.77849,254.9788,105.91
Weather,binary,Distributive,32,4,0.857458188301214,0.8458837869579703,0.8558482421416364,,2.95817,1475.5951,226.38
Weather,binary,Distributive,32,8,0.8683249851430512,0.8583758268357692,0.8672319161810403,,1.84387,439.1003,193.08
Weather,binary,Distributive,32,16,0.8730792087613549,0.8624807647390522,0.8714878216008195,,1.21472,240.6545,207.64
Weather,binary,Gaussian,8,4,0.8301214024959674,0.8165845051705094,0.8283404544415868,,0.62902,755.9689,54.48
Weather,binary,Gaussian,8,8,0.8220562017149163,0.8060584876599362,0.8191999737252008,,0.44774,268.8193,44.29
Weather,binary,Gaussian,8,16,0.7844468970201206,0.7603081317867634,0.7782539928310384,,0.42403,139.0279,41.28
Weather,binary,Gaussian,16,4,0.8274047032855081,0.8107530295237027,0.8239971627189109,,1.27032,1028.2268,110.29
Weather,binary,Gaussian,16,8,0.8254520757279905,0.8088120794874107,0.8221192879917478,,0.88374,393.8214,94.9
Weather,binary,Gaussian,16,16,0.7901349859920197,0.7672019591894377,0.7844404989471806,,0.66766,334.8359,88.94
Weather,binary,Gaussian,32,4,0.8449783513031667,0.8306061883353542,0.8422471795587733,,5.73429,3564.3415,211.55
Weather,binary,Gaussian,32,8,0.8576279820018677,0.8449680113905059,0.8554201974656618,,3.46326,1211.8054,175.46
Weather,binary,Gaussian,32,16,0.8466762883097038,0.8321699477387707,0.843811045182208,,1.84339,324.7795,177.62
Weather,multiclass,Distributive,8,4,0.7159351388063503,0.6685561139884422,0.7100769491972534,,1.02555,3628.0621,168.24
Weather,multiclass,Distributive,8,8,0.7144918923507938,0.6695901887753258,0.7094684300959402,,1.54774,3657.6986,129.01
Weather,multiclass,Distributive,8,16,0.6912301553612361,0.6340711247470774,0.6789854807762742,,1.35504,2665.7077,127.25
Weather,multiclass,Distributive,16,4,0.7655997962475592,0.7265699404293653,0.7579257042702495,,6.4059,7763.1982,359.3
Weather,multiclass,Distributive,16,8,0.7880125647338484,0.7544757694605166,0.7831959244991927,,1.49593,1668.6025,279.46
Weather,multiclass,Distributive,16,16,0.7522709907462433,0.7261721299197903,0.7457182680010039,,2.12003,2815.1626,241.28
Weather,multiclass,Distributive,32,4,0.8043127599966041,0.7681391939650473,0.7980583547254821,,12.44515,7643.7694,717.81
Weather,multiclass,Distributive,32,8,0.8154342473894218,0.7916404572987719,0.811696458437426,,3.6973,3795.4995,547.9
Weather,multiclass,Distributive,32,16,0.8302911961966211,0.8002145007515516,0.8265774047989581,,2.06232,1867.4514,480.42
Weather,multiclass,Gaussian,8,4,0.7289243569063588,0.6790694884993395,0.721319325492893,,1.77053,6552.5553,162.94
Weather,multiclass,Gaussian,8,8,0.7304525002122422,0.6809615839754971,0.7232498053069845,,0.61112,1688.7431,123.93
Weather,multiclass,Gaussian,8,16,0.7110960183377196,0.6584469275637395,0.7001230450286192,,0.53309,1099.4967,123.95
Weather,multiclass,Gaussian,16,4,0.7694201545122676,0.7420359859112325,0.7624851264271305,,2.03627,6130.9181,351.94
Weather,multiclass,Gaussian,16,8,0.7753629340351473,0.7464385446578213,0.7697845149720413,,2.44306,2524.0299,268.49
Weather,multiclass,Gaussian,16,16,0.7637320655403684,0.7381700893371806,0.7575418168135629,,0.75606,1375.1689,227.79
Weather,multiclass,Gaussian,32,4,0.7948892096103235,0.7626416222875544,0.7886772045739633,,5.05566,5917.3123,697.18
Weather,multiclass,Gaussian,32,8,0.802614822990067,0.7782175840342493,0.7983999963345548,,5.59372,3195.7992,525.0
Weather,multiclass,Gaussian,32,16,0.8114440954240598,0.7855001934344472,0.8075895491349996,,1.57938,1371.4445,452.02
