dataset,n_features,n_samples,a,t,scoring,fraction,random_mean,f4rm_mean,paired_delta_mean,paired_delta_ci_half,wilcoxon_p,n_paired,significance
Iris,4,150,7,8,validation,1.0,0.9277777777777776,0.9233333333333333,-0.004444444444444444,0.014935568159722776,0.601338008523961,30,n.s.
Iris,4,150,7,8,validation,0.75,0.9244444444444441,0.9199999999999998,-0.004444444444444444,0.012813902624426497,0.5534482850205262,30,n.s.
Iris,4,150,7,8,validation,0.5,0.8911111111111109,0.9099999999999999,0.018888888888888893,0.020224202673432515,0.10255531797883327,30,n.s.
Iris,4,150,7,8,validation,0.25,0.8333333333333333,0.8655555555555554,0.03222222222222223,0.03395301288347581,0.09815459144675795,30,n.s.
Iris,4,150,7,8,validation,0.1,0.8333333333333333,0.8655555555555554,0.03222222222222223,0.03395301288347581,0.09815459144675795,30,n.s.
Iris,4,150,7,8,validation,0.05,0.8333333333333333,0.8655555555555554,0.03222222222222223,0.03395301288347581,0.09815459144675795,30,n.s.
Iris,4,150,7,8,fisher,1.0,0.9277777777777776,0.9233333333333333,-0.004444444444444444,0.014935568159722776,0.601338008523961,30,n.s.
Iris,4,150,7,8,fisher,0.75,0.921111111111111,0.9155555555555555,-0.005555555555555554,0.018816702271554655,0.44776637607559244,30,n.s.
Iris,4,150,7,8,fisher,0.5,0.8322222222222222,0.8733333333333332,0.041111111111111126,0.034269441474684165,0.0248946573911149,30,n.s.
Iris,4,150,7,8,fisher,0.25,0.7377777777777779,0.7677777777777778,0.030000000000000006,0.0622058330906201,0.3268989167599251,30,n.s.
Iris,4,150,7,8,fisher,0.1,0.7377777777777779,0.7677777777777778,0.030000000000000006,0.0622058330906201,0.3268989167599251,30,n.s.
Iris,4,150,7,8,fisher,0.05,0.7377777777777779,0.7677777777777778,0.030000000000000006,0.0622058330906201,0.3268989167599251,30,n.s.
Wine,13,178,7,8,validation,1.0,0.9657407407407406,0.9629629629629629,-0.0027777777777777753,0.010227350315693728,0.7035506777849043,30,n.s.
Wine,13,178,7,8,validation,0.75,0.962037037037037,0.9638888888888886,0.0018518518518518526,0.010741876894152149,0.7190016421739517,30,n.s.
Wine,13,178,7,8,validation,0.5,0.9583333333333331,0.9499999999999998,-0.008333333333333333,0.015695064070771137,0.36643660225031416,30,n.s.
Wine,13,178,7,8,validation,0.25,0.9120370370370369,0.9259259259259257,0.013888888888888899,0.025808771058397385,0.2149470903666636,30,n.s.
Wine,13,178,7,8,validation,0.1,0.850925925925926,0.8481481481481482,-0.0027777777777777866,0.03305547667333387,0.8585295088255424,30,n.s.
Wine,13,178,7,8,validation,0.05,0.7666666666666667,0.737037037037037,-0.02962962962962962,0.041020297105318244,0.170248642154878,30,n.s.
Wine,13,178,7,8,fisher,1.0,0.9657407407407406,0.9629629629629629,-0.0027777777777777753,0.010227350315693728,0.7035506777849043,30,n.s.
Wine,13,178,7,8,fisher,0.75,0.9518518518518516,0.9546296296296295,0.0027777777777777827,0.012061682207066077,0.4467104479526586,30,n.s.
Wine,13,178,7,8,fisher,0.5,0.9351851851851851,0.936111111111111,0.0009259259259259152,0.019791554841983538,0.8060377177045265,30,n.s.
Wine,13,178,7,8,fisher,0.25,0.8787037037037035,0.8907407407407407,0.012037037037037035,0.03236102939419665,0.6650735525618807,30,n.s.
Wine,13,178,7,8,fisher,0.1,0.7861111111111111,0.8046296296296297,0.01851851851851851,0.05137494604495456,0.545745251189087,30,n.s.
Wine,13,178,7,8,fisher,0.05,0.6472222222222221,0.6740740740740742,0.02685185185185186,0.06364712395749798,0.44885743847105886,30,n.s.
Seeds,7,210,7,8,validation,1.0,0.8849206349206349,0.9,0.015079365079365085,0.01878474785056431,0.11783165472502301,30,n.s.
Seeds,7,210,7,8,validation,0.75,0.8793650793650791,0.896031746031746,0.01666666666666667,0.023052718747139954,0.09118318008112467,30,n.s.
Seeds,7,210,7,8,validation,0.5,0.8674603174603175,0.8865079365079362,0.019047619047619046,0.02173942983857346,0.07768681371325217,30,n.s.
Seeds,7,210,7,8,validation,0.25,0.8047619047619047,0.8357142857142855,0.030952380952380953,0.026676913740015157,0.04173091062480463,30,n.s.
Seeds,7,210,7,8,validation,0.1,0.7396825396825398,0.7563492063492063,0.016666666666666677,0.03684401554501736,0.26328376326044267,30,n.s.
Seeds,7,210,7,8,validation,0.05,0.7396825396825398,0.7563492063492063,0.016666666666666677,0.03684401554501736,0.26328376326044267,30,n.s.
Seeds,7,210,7,8,fisher,1.0,0.8849206349206349,0.9,0.015079365079365085,0.01878474785056431,0.11783165472502301,30,n.s.
Seeds,7,210,7,8,fisher,0.75,0.8785714285714283,0.8936507936507936,0.015079365079365088,0.023940503804955292,0.19397302768618052,30,n.s.
Seeds,7,210,7,8,fisher,0.5,0.8579365079365079,0.8730158730158728,0.015079365079365088,0.02904294320521399,0.2983339447544495,30,n.s.
Seeds,7,210,7,8,fisher,0.25,0.7547619047619046,0.7626984126984127,0.007936507936507938,0.038711472696711414,0.6647840686945228,30,n.s.
Seeds,7,210,7,8,fisher,0.1,0.6150793650793651,0.6380952380952382,0.023015873015873024,0.05094828302931895,0.28422312529070815,30,n.s.
Seeds,7,210,7,8,fisher,0.05,0.6150793650793651,0.6380952380952382,0.023015873015873024,0.05094828302931895,0.28422312529070815,30,n.s.
Glass,9,214,7,8,validation,1.0,0.6751937984496125,0.7015503875968994,0.026356589147286825,0.02431007751937984,0.029322406037723212,30,n.s.
Glass,9,214,7,8,validation,0.75,0.6635658914728683,0.6906976744186047,0.027131782945736427,0.025587939512713515,0.05300820253675954,30,n.s.
Glass,9,214,7,8,validation,0.5,0.6395348837209304,0.6589147286821705,0.0193798449612403,0.02997216700443014,0.1487823691937881,30,n.s.
Glass,9,214,7,8,validation,0.25,0.5999999999999999,0.6224806201550386,0.02248062015503875,0.026540827519623385,0.10872735594147855,30,n.s.
Glass,9,214,7,8,validation,0.1,0.5093023255813954,0.527906976744186,0.0186046511627907,0.03031415878796696,0.10804277517622232,30,n.s.
Glass,9,214,7,8,validation,0.05,0.5093023255813954,0.527906976744186,0.0186046511627907,0.03031415878796696,0.10804277517622232,30,n.s.
Glass,9,214,7,8,fisher,1.0,0.6751937984496125,0.7015503875968994,0.026356589147286825,0.02431007751937984,0.029322406037723212,30,n.s.
Glass,9,214,7,8,fisher,0.75,0.6403100775193801,0.6751937984496125,0.03488372093023256,0.034744700262107416,0.10276386932329153,30,n.s.
Glass,9,214,7,8,fisher,0.5,0.624031007751938,0.6604651162790699,0.03643410852713176,0.029538772974656825,0.040113341767967506,30,n.s.
Glass,9,214,7,8,fisher,0.25,0.5682170542635657,0.6108527131782947,0.042635658914728695,0.032568741034385944,0.019335260174042666,30,n.s.
Glass,9,214,7,8,fisher,0.1,0.47829457364341094,0.4899224806201551,0.011627906976744186,0.025085242241023778,0.3602519812203342,30,n.s.
Glass,9,214,7,8,fisher,0.05,0.47829457364341094,0.4899224806201551,0.011627906976744186,0.025085242241023778,0.3602519812203342,30,n.s.
Haberman,3,306,6,8,validation,1.0,0.7290322580645162,0.727956989247312,-0.0010752688172043002,0.01092302311481821,0.9601831226674602,30,n.s.
Haberman,3,306,6,8,validation,0.75,0.7311827956989247,0.7306451612903226,-0.0005376344086021575,0.010662258977851667,0.9080538720916203,30,n.s.
Haberman,3,306,6,8,validation,0.5,0.7322580645161291,0.7327956989247312,0.0005376344086021463,0.007345132334937588,0.9000694731719537,30,n.s.
Haberman,3,306,6,8,validation,0.25,0.7344086021505377,0.7360215053763441,0.0016129032258064464,0.0074794426441756635,0.750277968566853,30,n.s.
Haberman,3,306,6,8,validation,0.1,0.7344086021505377,0.7360215053763441,0.0016129032258064464,0.0074794426441756635,0.750277968566853,30,n.s.
Haberman,3,306,6,8,validation,0.05,0.7344086021505377,0.7360215053763441,0.0016129032258064464,0.0074794426441756635,0.750277968566853,30,n.s.
Haberman,3,306,6,8,fisher,1.0,0.7290322580645162,0.727956989247312,-0.0010752688172043002,0.01092302311481821,0.9601831226674602,30,n.s.
Haberman,3,306,6,8,fisher,0.75,0.7333333333333333,0.7301075268817205,-0.0032258064516129076,0.011583136571348214,0.4701409478687726,30,n.s.
Haberman,3,306,6,8,fisher,0.5,0.7376344086021507,0.7311827956989247,-0.006451612903225805,0.008915748368560968,0.23888521008855912,30,n.s.
Haberman,3,306,6,8,fisher,0.25,0.7408602150537634,0.7365591397849462,-0.004301075268817204,0.006767211001931187,0.2923500663349652,30,n.s.
Haberman,3,306,6,8,fisher,0.1,0.7408602150537634,0.7365591397849462,-0.004301075268817204,0.006767211001931187,0.2923500663349652,30,n.s.
Haberman,3,306,6,8,fisher,0.05,0.7408602150537634,0.7365591397849462,-0.004301075268817204,0.006767211001931187,0.2923500663349652,30,n.s.
Ecoli,7,336,8,8,validation,1.0,0.8019607843137255,0.8225490196078431,0.020588235294117643,0.01603337905510721,0.025164561753334317,30,n.s.
Ecoli,7,336,8,8,validation,0.75,0.7857843137254902,0.7999999999999999,0.014215686274509793,0.016611597762879956,0.1820032240189089,30,n.s.
Ecoli,7,336,8,8,validation,0.5,0.7779411764705882,0.7887254901960785,0.01078431372549019,0.020587982869762003,0.3687265308650758,30,n.s.
Ecoli,7,336,8,8,validation,0.25,0.7161764705882353,0.7450980392156864,0.028921568627450978,0.021784678870506613,0.019990093859520504,30,n.s.
Ecoli,7,336,8,8,validation,0.1,0.6612745098039217,0.6759803921568627,0.014705882352941173,0.023574854697593527,0.14093581333128682,30,n.s.
Ecoli,7,336,8,8,validation,0.05,0.6612745098039217,0.6759803921568627,0.014705882352941173,0.023574854697593527,0.14093581333128682,30,n.s.
Ecoli,7,336,8,8,fisher,1.0,0.8019607843137255,0.8225490196078431,0.020588235294117643,0.01603337905510721,0.025164561753334317,30,n.s.
Ecoli,7,336,8,8,fisher,0.75,0.7720588235294118,0.7916666666666666,0.01960784313725491,0.01989926772947632,0.04486675443607324,30,n.s.
Ecoli,7,336,8,8,fisher,0.5,0.7583333333333332,0.7799019607843137,0.02156862745098039,0.02039224267938462,0.049962789456516825,30,n.s.
Ecoli,7,336,8,8,fisher,0.25,0.6715686274509804,0.6975490196078432,0.02598039215686275,0.030330763308991152,0.14454462907688687,30,n.s.
Ecoli,7,336,8,8,fisher,0.1,0.5495098039215686,0.5735294117647061,0.024019607843137246,0.04240419747331942,0.38669708427161587,30,n.s.
Ecoli,7,336,8,8,fisher,0.05,0.5495098039215686,0.5735294117647061,0.024019607843137246,0.04240419747331942,0.38669708427161587,30,n.s.
Ionosphere,34,351,8,8,validation,1.0,0.9136150234741784,0.8962441314553989,-0.017370892018779338,0.009329501889333324,0.0036166875002895055,30,n.s.
Ionosphere,34,351,8,8,validation,0.75,0.9032863849765257,0.8849765258215962,-0.018309859154929574,0.011550161266172322,0.010964753477316937,30,n.s.
Ionosphere,34,351,8,8,validation,0.5,0.8887323943661972,0.8699530516431925,-0.01877934272300469,0.014758658464857119,0.03002969137225549,30,n.s.
Ionosphere,34,351,8,8,validation,0.25,0.8525821596244131,0.836150234741784,-0.016431924882629116,0.01909289315880103,0.07220425648017414,30,n.s.
Ionosphere,34,351,8,8,validation,0.1,0.7530516431924884,0.7713615023474178,0.018309859154929584,0.030704693495398158,0.14154991654673127,30,n.s.
Ionosphere,34,351,8,8,validation,0.05,0.7037558685446009,0.7122065727699529,0.008450704225352105,0.034883534595747195,0.39971997601516296,30,n.s.
Ionosphere,34,351,8,8,fisher,1.0,0.9136150234741784,0.8962441314553989,-0.017370892018779338,0.009329501889333324,0.0036166875002895055,30,n.s.
Ionosphere,34,351,8,8,fisher,0.75,0.9065727699530516,0.8816901408450704,-0.024882629107981235,0.015014616540519799,0.0024276446990852078,30,n.s.
Ionosphere,34,351,8,8,fisher,0.5,0.8755868544600939,0.8563380281690142,-0.019248826291079806,0.013722197238211864,0.01969992808747088,30,n.s.
Ionosphere,34,351,8,8,fisher,0.25,0.7967136150234743,0.7586854460093898,-0.0380281690140845,0.02930337194922684,0.030379234344422773,30,n.s.
Ionosphere,34,351,8,8,fisher,0.1,0.6258215962441314,0.6051643192488263,-0.020657276995305167,0.04946634738394135,0.3194168287498492,30,n.s.
Ionosphere,34,351,8,8,fisher,0.05,0.5511737089201879,0.531924882629108,-0.01924882629107981,0.053215568952886504,0.5010764059571002,30,n.s.
Breast Cancer,30,569,9,8,validation,1.0,0.9549707602339178,0.9567251461988301,0.001754385964912275,0.00523958963203607,0.6129097109358861,30,n.s.
Breast Cancer,30,569,9,8,validation,0.75,0.9538011695906429,0.955847953216374,0.002046783625730993,0.0065783880024801135,0.5068127231454193,30,n.s.
Breast Cancer,30,569,9,8,validation,0.5,0.9482456140350877,0.9514619883040935,0.003216374269005847,0.006195362900701378,0.21998541258107918,30,n.s.
Breast Cancer,30,569,9,8,validation,0.25,0.9353801169590645,0.9441520467836256,0.008771929824561391,0.007688935501578221,0.04707995665418557,30,n.s.
Breast Cancer,30,569,9,8,validation,0.1,0.9160818713450294,0.9187134502923978,0.0026315789473684253,0.008453007027939451,0.606002556438493,30,n.s.
Breast Cancer,30,569,9,8,validation,0.05,0.8190058479532162,0.8342105263157894,0.015204678362573106,0.02300682749502588,0.13851513842085866,30,n.s.
Breast Cancer,30,569,9,8,fisher,1.0,0.9549707602339178,0.9567251461988301,0.001754385964912275,0.00523958963203607,0.6129097109358861,30,n.s.
Breast Cancer,30,569,9,8,fisher,0.75,0.9546783625730996,0.9526315789473683,-0.002046783625730997,0.006095847329243095,0.3739255570074521,30,n.s.
Breast Cancer,30,569,9,8,fisher,0.5,0.9464912280701756,0.9476608187134501,0.0011695906432748425,0.0074980244586898784,0.7897748282382995,30,n.s.
Breast Cancer,30,569,9,8,fisher,0.25,0.9362573099415206,0.9309941520467836,-0.005263157894736836,0.009528177096523765,0.34945774683048125,30,n.s.
Breast Cancer,30,569,9,8,fisher,0.1,0.8710526315789475,0.8672514619883042,-0.003801169590643279,0.02394397919494863,0.8208658954293064,30,n.s.
Breast Cancer,30,569,9,8,fisher,0.05,0.6684210526315789,0.7005847953216375,0.03216374269005849,0.04642971296858485,0.3284687386926236,30,n.s.
Balance Scale,4,625,8,8,validation,1.0,0.6450666666666667,0.7277333333333336,0.08266666666666667,0.03286772516539429,0.00015982249818140433,30,+++
Balance Scale,4,625,8,8,validation,0.75,0.6149333333333333,0.7015999999999999,0.08666666666666666,0.03828332645479549,0.0004346217105022756,30,+++
Balance Scale,4,625,8,8,validation,0.5,0.552,0.6450666666666667,0.09306666666666669,0.04109858304164088,0.0004068501699242324,30,+++
Balance Scale,4,625,8,8,validation,0.25,0.43253333333333327,0.5157333333333334,0.0832,0.04823594204925732,0.002252089370960235,30,+++
Balance Scale,4,625,8,8,validation,0.1,0.43253333333333327,0.5157333333333334,0.0832,0.04823594204925732,0.002252089370960235,30,+++
Balance Scale,4,625,8,8,validation,0.05,0.43253333333333327,0.5157333333333334,0.0832,0.04823594204925732,0.002252089370960235,30,+++
Balance Scale,4,625,8,8,fisher,1.0,0.6450666666666667,0.7277333333333336,0.08266666666666667,0.03286772516539429,0.00015982249818140433,30,+++
Balance Scale,4,625,8,8,fisher,0.75,0.5863999999999999,0.6682666666666666,0.08186666666666668,0.04494901897778342,0.003557670315468931,30,n.s.
Balance Scale,4,625,8,8,fisher,0.5,0.4914666666666667,0.5645333333333333,0.07306666666666667,0.05030724597367598,0.01608956239575443,30,n.s.
Balance Scale,4,625,8,8,fisher,0.25,0.31146666666666667,0.41946666666666665,0.10800000000000001,0.06056878625584095,0.002178421102435989,30,+++
Balance Scale,4,625,8,8,fisher,0.1,0.31146666666666667,0.41946666666666665,0.10800000000000001,0.06056878625584095,0.002178421102435989,30,+++
Balance Scale,4,625,8,8,fisher,0.05,0.31146666666666667,0.41946666666666665,0.10800000000000001,0.06056878625584095,0.002178421102435989,30,+++
Pima Diabetes,8,768,9,8,validation,1.0,0.6978354978354978,0.6961038961038961,-0.001731601731601736,0.014021041152840889,0.8610378329911262,30,n.s.
Pima Diabetes,8,768,9,8,validation,0.75,0.6900432900432901,0.6900432900432899,-7.401486830834377e-18,0.015145411518778394,0.8088759690239451,30,n.s.
Pima Diabetes,8,768,9,8,validation,0.5,0.6883116883116884,0.6803030303030303,-0.008008658008657995,0.012868150994924702,0.1509767956437467,30,n.s.
Pima Diabetes,8,768,9,8,validation,0.25,0.6714285714285714,0.6709956709956709,-0.00043290043290043675,0.009951237941555625,0.8284892239898782,30,n.s.
Pima Diabetes,8,768,9,8,validation,0.1,0.6647186147186147,0.6627705627705629,-0.0019480519480519467,0.010483640401285028,0.8096102344686699,30,n.s.
Pima Diabetes,8,768,9,8,validation,0.05,0.6647186147186147,0.6627705627705629,-0.0019480519480519467,0.010483640401285028,0.8096102344686699,30,n.s.
Pima Diabetes,8,768,9,8,fisher,1.0,0.6978354978354978,0.6961038961038961,-0.001731601731601736,0.014021041152840889,0.8610378329911262,30,n.s.
Pima Diabetes,8,768,9,8,fisher,0.75,0.6898268398268396,0.6891774891774891,-0.0006493506493506514,0.012331247143835525,0.8710080546099723,30,n.s.
Pima Diabetes,8,768,9,8,fisher,0.5,0.6772727272727272,0.6857142857142857,0.008441558441558432,0.011991368289758471,0.11757925170911537,30,n.s.
Pima Diabetes,8,768,9,8,fisher,0.25,0.6634199134199134,0.6705627705627706,0.007142857142857132,0.009160506838185334,0.2019236910664164,30,n.s.
Pima Diabetes,8,768,9,8,fisher,0.1,0.6549783549783551,0.6582251082251083,0.003246753246753242,0.009910303531297843,0.62057927004572,30,n.s.
Pima Diabetes,8,768,9,8,fisher,0.05,0.6549783549783551,0.6582251082251083,0.003246753246753242,0.009910303531297843,0.62057927004572,30,n.s.
Vehicle,18,846,9,8,validation,1.0,0.6672549019607843,0.6796078431372549,0.012352941176470582,0.011586915421998202,0.08121131559364321,30,n.s.
Vehicle,18,846,9,8,validation,0.75,0.6572549019607845,0.6752941176470587,0.01803921568627451,0.014092788270953234,0.016728174325051273,30,n.s.
Vehicle,18,846,9,8,validation,0.5,0.6409803921568629,0.6505882352941177,0.009607843137254905,0.013489545796236247,0.12978435922571985,30,n.s.
Vehicle,18,846,9,8,validation,0.25,0.5976470588235295,0.602156862745098,0.004509803921568634,0.014891419423823134,0.7418413808127942,30,n.s.
Vehicle,18,846,9,8,validation,0.1,0.5462745098039216,0.5611764705882353,0.01490196078431372,0.017187624943713713,0.09858932954509482,30,n.s.
Vehicle,18,846,9,8,validation,0.05,0.4919607843137255,0.49941176470588233,0.00745098039215686,0.020866989355120578,0.33866450681177596,30,n.s.
Vehicle,18,846,9,8,fisher,1.0,0.6672549019607843,0.6796078431372549,0.012352941176470582,0.011586915421998202,0.08121131559364321,30,n.s.
Vehicle,18,846,9,8,fisher,0.75,0.6494117647058826,0.6686274509803923,0.019215686274509813,0.013243209392859955,0.004797511501073444,30,n.s.
Vehicle,18,846,9,8,fisher,0.5,0.6113725490196079,0.636078431372549,0.024705882352941168,0.013791049379727199,0.003474573718738171,30,n.s.
Vehicle,18,846,9,8,fisher,0.25,0.5480392156862745,0.5654901960784315,0.01745098039215687,0.016177893780490643,0.049413781824546324,30,n.s.
Vehicle,18,846,9,8,fisher,0.1,0.44745098039215686,0.4750980392156862,0.02764705882352942,0.028328415631023594,0.06923550246612373,30,n.s.
Vehicle,18,846,9,8,fisher,0.05,0.36000000000000015,0.3911764705882354,0.031176470588235302,0.027778328673427333,0.012799646807736384,30,n.s.
Banknote,4,1372,8,8,validation,1.0,0.9272727272727272,0.9509090909090909,0.023636363636363636,0.015814779345568696,0.007247915006921027,30,n.s.
Banknote,4,1372,8,8,validation,0.75,0.9118787878787878,0.9322424242424243,0.020363636363636372,0.016536176676909306,0.02916680465272441,30,n.s.
Banknote,4,1372,8,8,validation,0.5,0.8654545454545456,0.8883636363636362,0.022909090909090917,0.021902913867101532,0.09143184320502977,30,n.s.
Banknote,4,1372,8,8,validation,0.25,0.774060606060606,0.8116363636363638,0.037575757575757575,0.024586112621816262,0.0079572777875009,30,n.s.
Banknote,4,1372,8,8,validation,0.1,0.774060606060606,0.8116363636363638,0.037575757575757575,0.024586112621816262,0.0079572777875009,30,n.s.
Banknote,4,1372,8,8,validation,0.05,0.774060606060606,0.8116363636363638,0.037575757575757575,0.024586112621816262,0.0079572777875009,30,n.s.
Banknote,4,1372,8,8,fisher,1.0,0.9272727272727272,0.9509090909090909,0.023636363636363636,0.015814779345568696,0.007247915006921027,30,n.s.
Banknote,4,1372,8,8,fisher,0.75,0.8892121212121211,0.9134545454545454,0.024242424242424242,0.022531505937773994,0.04781762632640686,30,n.s.
Banknote,4,1372,8,8,fisher,0.5,0.8212121212121214,0.8489696969696968,0.027757575757575755,0.03278702766053139,0.15036678863022,30,n.s.
Banknote,4,1372,8,8,fisher,0.25,0.7146666666666666,0.756848484848485,0.042181818181818174,0.042942944178927,0.08215788322669769,30,n.s.
Banknote,4,1372,8,8,fisher,0.1,0.7146666666666666,0.756848484848485,0.042181818181818174,0.042942944178927,0.08215788322669769,30,n.s.
Banknote,4,1372,8,8,fisher,0.05,0.7146666666666666,0.756848484848485,0.042181818181818174,0.042942944178927,0.08215788322669769,30,n.s.
Yeast,8,1484,10,8,validation,1.0,0.45881032547699224,0.4771043771043771,0.018294051627384955,0.01292146595935722,0.01734147504136943,30,n.s.
Yeast,8,1484,10,8,validation,0.75,0.4510662177328844,0.46599326599326585,0.014927048260381597,0.01185044917328796,0.026355454198517463,30,n.s.
Yeast,8,1484,10,8,validation,0.5,0.444668911335578,0.45185185185185184,0.0071829405162738445,0.012265802104572473,0.3040896147079847,30,n.s.
Yeast,8,1484,10,8,validation,0.25,0.407070707070707,0.4087542087542088,0.0016835016835016852,0.011266053341735999,0.648471444957005,30,n.s.
Yeast,8,1484,10,8,validation,0.1,0.3699214365881032,0.3818181818181818,0.011896745230078562,0.010955098444206406,0.04531419578093761,30,n.s.
Yeast,8,1484,10,8,validation,0.05,0.3699214365881032,0.3818181818181818,0.011896745230078562,0.010955098444206406,0.04531419578093761,30,n.s.
Yeast,8,1484,10,8,fisher,1.0,0.45881032547699224,0.4771043771043771,0.018294051627384955,0.01292146595935722,0.01734147504136943,30,n.s.
Yeast,8,1484,10,8,fisher,0.75,0.429405162738496,0.4520763187429854,0.022671156004489344,0.013168023077731328,0.002404445036511183,30,n.s.
Yeast,8,1484,10,8,fisher,0.5,0.40998877665544325,0.4332210998877665,0.023232323232323233,0.013720639091584285,0.003252278299860053,30,n.s.
Yeast,8,1484,10,8,fisher,0.25,0.35970819304152635,0.38226711560044896,0.022558922558922553,0.014955851959039385,0.008052775345216288,30,n.s.
Yeast,8,1484,10,8,fisher,0.1,0.33108866442199775,0.34624017957351294,0.015151515151515147,0.010728937186533763,0.026612450165089178,30,n.s.
Yeast,8,1484,10,8,fisher,0.05,0.33108866442199775,0.34624017957351294,0.015151515151515147,0.010728937186533763,0.026612450165089178,30,n.s.
Steel Plates,33,1941,10,8,validation,1.0,0.8580976863753215,0.8751499571550985,0.0170522707797772,0.012425513812182,0.016491142087462798,30,n.s.
Steel Plates,33,1941,10,8,validation,0.75,0.8538988860325621,0.8744644387317909,0.020565552699228776,0.014829185184477027,0.016539762464228044,30,n.s.
Steel Plates,33,1941,10,8,validation,0.5,0.8450728363324763,0.8694087403598971,0.02433590402742073,0.017105763260528,0.011064339352762829,30,n.s.
Steel Plates,33,1941,10,8,validation,0.25,0.8191088260496999,0.8376178234790059,0.018508997429305906,0.02057324112408116,0.10712347527276779,30,n.s.
Steel Plates,33,1941,10,8,validation,0.1,0.77146529562982,0.7938303341902314,0.022365038560411308,0.024948550911560202,0.15343387616367954,30,n.s.
Steel Plates,33,1941,10,8,validation,0.05,0.7174807197943446,0.7394173093401886,0.02193658954584405,0.025810399493871126,0.08551480563051515,30,n.s.
Steel Plates,33,1941,10,8,fisher,1.0,0.8580976863753215,0.8751499571550985,0.0170522707797772,0.012425513812182,0.016491142087462798,30,n.s.
Steel Plates,33,1941,10,8,fisher,0.75,0.838560411311054,0.8548414738646102,0.016281062553556134,0.01230006095522192,0.01683910589992339,30,n.s.
Steel Plates,33,1941,10,8,fisher,0.5,0.8080548414738645,0.8292202227934875,0.021165381319622947,0.015403826426808518,0.016998142437005388,30,n.s.
Steel Plates,33,1941,10,8,fisher,0.25,0.743873179091688,0.7657240788346187,0.0218508997429306,0.01573939012098071,0.0064909569719320956,30,n.s.
Steel Plates,33,1941,10,8,fisher,0.1,0.6913453299057413,0.7033419023136246,0.011996572407883465,0.012648608923122617,0.16331662987404405,30,n.s.
Steel Plates,33,1941,10,8,fisher,0.05,0.6655526992287918,0.6656383890317051,8.568980291345415e-05,0.006452882510756345,0.828752511054488,30,n.s.
Segment,19,2310,11,8,validation,1.0,0.9321789321789322,0.9331168831168831,0.0009379509379509376,0.005679741793282434,0.8772577531310165,30,n.s.
Segment,19,2310,11,8,validation,0.75,0.9229437229437228,0.9276334776334775,0.004689754689754696,0.006856059242966136,0.18223109820470607,30,n.s.
Segment,19,2310,11,8,validation,0.5,0.9057720057720059,0.9168831168831169,0.011111111111111112,0.007929634355163084,0.0162602940532079,30,n.s.
Segment,19,2310,11,8,validation,0.25,0.8580086580086582,0.8632034632034631,0.0051948051948052,0.014074351608853255,0.537662689741202,30,n.s.
Segment,19,2310,11,8,validation,0.1,0.5990620490620491,0.6116161616161616,0.012554112554112542,0.02335517802058959,0.2451279034127597,30,n.s.
Segment,19,2310,11,8,validation,0.05,0.5990620490620491,0.6116161616161616,0.012554112554112542,0.02335517802058959,0.2451279034127597,30,n.s.
Segment,19,2310,11,8,fisher,1.0,0.9321789321789322,0.9331168831168831,0.0009379509379509376,0.005679741793282434,0.8772577531310165,30,n.s.
Segment,19,2310,11,8,fisher,0.75,0.9077200577200576,0.9093073593073593,0.001587301587301589,0.0127661158876411,0.7049892690001691,30,n.s.
Segment,19,2310,11,8,fisher,0.5,0.8713564213564216,0.8782106782106782,0.00685425685425685,0.016184842679669225,0.31347595086459956,30,n.s.
Segment,19,2310,11,8,fisher,0.25,0.7874458874458874,0.8005772005772006,0.013131313131313138,0.02618915962795241,0.3523351110167683,30,n.s.
Segment,19,2310,11,8,fisher,0.1,0.4453823953823954,0.4797258297258297,0.03434343434343434,0.044081871197784894,0.09365824197746607,30,n.s.
Segment,19,2310,11,8,fisher,0.05,0.4453823953823954,0.4797258297258297,0.03434343434343434,0.044081871197784894,0.09365824197746607,30,n.s.
Waveform,40,5000,12,8,validation,1.0,0.7745,0.7796,0.005100000000000005,0.005337032745705772,0.10700031590247164,30,n.s.
Waveform,40,5000,12,8,validation,0.75,0.7695333333333335,0.7707333333333332,0.001200000000000001,0.006744223009361426,0.767120343779376,30,n.s.
Waveform,40,5000,12,8,validation,0.5,0.7528333333333334,0.7480333333333334,-0.004800000000000004,0.007171946471071026,0.17774677940544248,30,n.s.
Waveform,40,5000,12,8,validation,0.25,0.7025999999999999,0.6957333333333333,-0.006866666666666658,0.008665951602684869,0.13004262999478142,30,n.s.
Waveform,40,5000,12,8,validation,0.1,0.6262666666666666,0.6194666666666667,-0.006800000000000006,0.009290397148260882,0.13029655399300405,30,n.s.
Waveform,40,5000,12,8,validation,0.05,0.5028,0.5039666666666666,0.0011666666666666585,0.009675336595568547,0.636090540132071,30,n.s.
Waveform,40,5000,12,8,fisher,1.0,0.7745,0.7796,0.005100000000000005,0.005337032745705772,0.10700031590247164,30,n.s.
Waveform,40,5000,12,8,fisher,0.75,0.7505333333333332,0.7581000000000001,0.007566666666666674,0.0076366794693772345,0.08953269760862044,30,n.s.
Waveform,40,5000,12,8,fisher,0.5,0.7215999999999999,0.7278,0.0062000000000000015,0.00966497882688514,0.2607848945934994,30,n.s.
Waveform,40,5000,12,8,fisher,0.25,0.6478666666666668,0.6510333333333335,0.003166666666666677,0.012725897293146321,0.7655012350332161,30,n.s.
Waveform,40,5000,12,8,fisher,0.1,0.5439666666666666,0.5485333333333333,0.00456666666666666,0.020284344741545623,0.3285454939952277,30,n.s.
Waveform,40,5000,12,8,fisher,0.05,0.4153666666666666,0.4256666666666667,0.010300000000000002,0.018556669553547057,0.15282812491418205,30,n.s.
SatImage,36,6430,12,8,validation,1.0,0.8386469673405911,0.8434162778641782,0.0047693105235873485,0.006928959655082426,0.2665372283464733,30,n.s.
SatImage,36,6430,12,8,validation,0.75,0.8219025401762573,0.8272939346811821,0.0053913945049248214,0.008523514087625647,0.2947974697336505,30,n.s.
SatImage,36,6430,12,8,validation,0.5,0.792431311560394,0.7970191809227581,0.004587869362363939,0.009893094535479324,0.42834454073861805,30,n.s.
SatImage,36,6430,12,8,validation,0.25,0.7203473302229135,0.7213322965266978,0.0009849663037843441,0.01708538956763546,0.8936415915787894,30,n.s.
SatImage,36,6430,12,8,validation,0.1,0.594116122343183,0.5956194919647486,0.0015033696215655645,0.01248260362809085,0.8287921244032523,30,n.s.
SatImage,36,6430,12,8,validation,0.05,0.5147226542249871,0.52265422498704,0.007931570762052876,0.011370052954294921,0.12541825262679365,30,n.s.
SatImage,36,6430,12,8,fisher,1.0,0.8386469673405911,0.8434162778641782,0.0047693105235873485,0.006928959655082426,0.2665372283464733,30,n.s.
SatImage,36,6430,12,8,fisher,0.75,0.8168481078278902,0.8237687921202697,0.0069206842923794564,0.009660969035849325,0.24922939545996248,30,n.s.
SatImage,36,6430,12,8,fisher,0.5,0.7761016070502851,0.7831518921721099,0.007050285121824777,0.01349083891895255,0.28936620615422726,30,n.s.
SatImage,36,6430,12,8,fisher,0.25,0.686599274235355,0.7033177812337998,0.016718506998444797,0.012932827463829554,0.0686623526467772,30,n.s.
SatImage,36,6430,12,8,fisher,0.1,0.5168481078278901,0.5285381026438569,0.01168999481596682,0.02551159185069182,0.41124443868708205,30,n.s.
SatImage,36,6430,12,8,fisher,0.05,0.42413167444271643,0.42864178330741315,0.0045101088646967305,0.02895039241085678,0.9017772421002545,30,n.s.
Pendigits,16,10992,13,8,validation,1.0,0.9612854327724724,0.9695012884644536,0.008215855691981215,0.0016878709271122923,3.4965105027168204e-06,30,+++
Pendigits,16,10992,13,8,validation,0.75,0.9530089434591481,0.962634530847355,0.009625587388206755,0.0021213577214499574,2.460261012875024e-06,30,+++
Pendigits,16,10992,13,8,validation,0.5,0.921221767470062,0.9376837956646961,0.016462028194633927,0.0057897033159497215,2.5954356003648804e-05,30,+++
Pendigits,16,10992,13,8,validation,0.25,0.7739578596331669,0.8189934818857056,0.04503562225253903,0.013997048050227974,1.991167664527893e-06,30,+++
Pendigits,16,10992,13,8,validation,0.1,0.5821737153251477,0.6420342579960588,0.05986054267091102,0.02147978596585077,3.892380669703175e-05,30,+++
Pendigits,16,10992,13,8,validation,0.05,0.5821737153251477,0.6420342579960588,0.05986054267091102,0.02147978596585077,3.892380669703175e-05,30,+++
Pendigits,16,10992,13,8,fisher,1.0,0.9612854327724724,0.9695012884644536,0.008215855691981215,0.0016878709271122923,3.4965105027168204e-06,30,+++
Pendigits,16,10992,13,8,fisher,0.75,0.9495376686372594,0.9600879187509475,0.01055025011368805,0.0037175734584354923,4.849085907171471e-05,30,+++
Pendigits,16,10992,13,8,fisher,0.5,0.8968925269061694,0.925936031529483,0.029043504623313645,0.005530993217934029,1.919722783767457e-06,30,+++
Pendigits,16,10992,13,8,fisher,0.25,0.6830529028346219,0.7456268000606338,0.0625738972260118,0.027188874511646657,0.00013589213392036818,30,+++
Pendigits,16,10992,13,8,fisher,0.1,0.4503410641200547,0.5228134000303168,0.07247233591026227,0.03852789231031653,0.0012321043759584427,30,+++
Pendigits,16,10992,13,8,fisher,0.05,0.4503410641200547,0.5228134000303168,0.07247233591026227,0.03852789231031653,0.0012321043759584427,30,+++
EEG Eye State,14,14980,13,8,validation,1.0,0.7020805518469071,0.7404205607476636,0.03834000890075658,0.004066169200787187,1.862645149230957e-09,30,+++
EEG Eye State,14,14980,13,8,validation,0.75,0.6926012461059191,0.7262349799732976,0.033633733867378744,0.004578760647253237,1.7333066441991056e-06,30,+++
EEG Eye State,14,14980,13,8,validation,0.5,0.6626390743213174,0.6898308856252782,0.02719181130396082,0.004965639489690516,1.7322162331441138e-06,30,+++
EEG Eye State,14,14980,13,8,validation,0.25,0.6268802848242099,0.6472630173564754,0.020382732532265246,0.005635981784841946,6.331997573050555e-06,30,+++
EEG Eye State,14,14980,13,8,validation,0.1,0.5974855362705829,0.6114263462394304,0.01394080996884735,0.004393662547344742,2.473779753044063e-05,30,+++
EEG Eye State,14,14980,13,8,validation,0.05,0.5974855362705829,0.6114263462394304,0.01394080996884735,0.004393662547344742,2.473779753044063e-05,30,+++
EEG Eye State,14,14980,13,8,fisher,1.0,0.7020805518469071,0.7404205607476636,0.03834000890075658,0.004066169200787187,1.862645149230957e-09,30,+++
EEG Eye State,14,14980,13,8,fisher,0.75,0.6843346684468179,0.7206831330663106,0.036348464619492635,0.005034179002234409,1.7300371292901247e-06,30,+++
EEG Eye State,14,14980,13,8,fisher,0.5,0.6421117044948821,0.6738095238095239,0.03169781931464174,0.00515346225313949,1.917328010935302e-06,30,+++
EEG Eye State,14,14980,13,8,fisher,0.25,0.6031931464174456,0.627225189141077,0.0240320427236315,0.006085312742145231,4.499601279304397e-06,30,+++
EEG Eye State,14,14980,13,8,fisher,0.1,0.5838785046728973,0.593558077436582,0.009679572763684911,0.005612458845857587,0.007261791182754708,30,n.s.
EEG Eye State,14,14980,13,8,fisher,0.05,0.5838785046728973,0.593558077436582,0.009679572763684911,0.005612458845857587,0.007261791182754708,30,n.s.
Magic Gamma,10,19020,14,8,validation,1.0,0.7717665615141956,0.7871188222923238,0.015352260778128287,0.004100719933328386,2.125320373457453e-06,30,+++
Magic Gamma,10,19020,14,8,validation,0.75,0.7636084822993342,0.7771381002453557,0.013529617946021725,0.004651267267606414,2.4774515480681767e-05,30,+++
Magic Gamma,10,19020,14,8,validation,0.5,0.7530669470732563,0.766079565369786,0.013012618296529962,0.005374726765315247,8.903407221320523e-05,30,+++
Magic Gamma,10,19020,14,8,validation,0.25,0.7378987031195233,0.7485629162285314,0.010664213109008058,0.005870911405684204,0.001052132024788418,30,+++
Magic Gamma,10,19020,14,8,validation,0.1,0.7123817034700315,0.7194006309148264,0.0070189274447949495,0.005979242594510747,0.01565573468679806,30,n.s.
Magic Gamma,10,19020,14,8,validation,0.05,0.7123817034700315,0.7194006309148264,0.0070189274447949495,0.005979242594510747,0.01565573468679806,30,n.s.
Magic Gamma,10,19020,14,8,fisher,1.0,0.7717665615141956,0.7871188222923238,0.015352260778128287,0.004100719933328386,2.125320373457453e-06,30,+++
Magic Gamma,10,19020,14,8,fisher,0.75,0.7496407290571329,0.7648527865404837,0.01521205748335086,0.007472266772058303,0.000689134711258148,30,+++
Magic Gamma,10,19020,14,8,fisher,0.5,0.7337539432176656,0.7464511041009463,0.012697160883280744,0.01113661612302363,0.02242176748603308,30,n.s.
Magic Gamma,10,19020,14,8,fisher,0.25,0.7098054679284964,0.7223624255169997,0.01255695758850333,0.01296541895779302,0.0786308531621723,30,n.s.
Magic Gamma,10,19020,14,8,fisher,0.1,0.6877409744128987,0.6899929898352609,0.0022520154223624076,0.013361726740843115,0.765513273408791,30,n.s.
Magic Gamma,10,19020,14,8,fisher,0.05,0.6877409744128987,0.6899929898352609,0.0022520154223624076,0.013361726740843115,0.765513273408791,30,n.s.
Letter Recognition,16,20000,14,8,validation,1.0,0.8473166666666668,0.8674833333333332,0.020166666666666683,0.0024575729702726143,1.7278603148724105e-06,30,+++
Letter Recognition,16,20000,14,8,validation,0.75,0.8245416666666667,0.8468416666666666,0.0223,0.004462220322540851,1.862645149230957e-09,30,+++
Letter Recognition,16,20000,14,8,validation,0.5,0.7510083333333333,0.7751083333333334,0.0241,0.008726719632269038,0.00011345469513631056,30,+++
Letter Recognition,16,20000,14,8,validation,0.25,0.5153166666666666,0.5488083333333333,0.03349166666666667,0.015156105188303732,0.00020912662148475647,30,+++
Letter Recognition,16,20000,14,8,validation,0.1,0.31846666666666673,0.3542083333333333,0.035741666666666665,0.016167635732183674,0.0008617498085756175,30,+++
Letter Recognition,16,20000,14,8,validation,0.05,0.31846666666666673,0.3542083333333333,0.035741666666666665,0.016167635732183674,0.0008617498085756175,30,+++
Letter Recognition,16,20000,14,8,fisher,1.0,0.8473166666666668,0.8674833333333332,0.020166666666666683,0.0024575729702726143,1.7278603148724105e-06,30,+++
Letter Recognition,16,20000,14,8,fisher,0.75,0.817275,0.8453083333333333,0.028033333333333337,0.003993496256726733,1.7333066441991056e-06,30,+++
Letter Recognition,16,20000,14,8,fisher,0.5,0.7132666666666666,0.7606749999999999,0.047408333333333316,0.010146382374202387,3.5390257835388184e-08,30,+++
Letter Recognition,16,20000,14,8,fisher,0.25,0.42227500000000007,0.49931666666666674,0.07704166666666665,0.023516820925795625,1.862645149230957e-09,30,+++
Letter Recognition,16,20000,14,8,fisher,0.1,0.23706666666666668,0.2815333333333333,0.04446666666666667,0.022678636348011844,0.0011134624274999963,30,+++
Letter Recognition,16,20000,14,8,fisher,0.05,0.23706666666666668,0.2815333333333333,0.04446666666666667,0.022678636348011844,0.0011134624274999963,30,+++
