dataset,n_features,n_samples,a,t,bleach,random_mean,random_std,f4rm_mean,f4rm_std,paired_delta_mean,paired_delta_ci_half,wilcoxon_p,n_paired,significance
Iris,4,150,7,8,1,0.924,0.05218143821639132,0.9313333333333332,0.0377424137532083,0.0073333333333333315,0.012281758831698332,0.2161502321884905,50,n.s.
Iris,4,150,7,8,2,0.932,0.03747107728172571,0.9333333333333331,0.03688555567816587,0.001333333333333333,0.00969229705602455,0.8339893369261784,50,n.s.
Iris,4,150,7,8,3,0.92,0.04761904761904761,0.9353333333333333,0.041189788048201725,0.01533333333333333,0.012689215018186808,0.014513651861043704,50,n.s.
Iris,4,150,7,8,4,0.9179999999999999,0.053116054002003595,0.9286666666666669,0.03750132272799461,0.010666666666666665,0.015100398817396986,0.08996296751631773,50,n.s.
Wine,13,178,7,8,1,0.9722222222222223,0.027492869961410763,0.9722222222222223,0.03223824763744429,2.220446049250313e-18,0.009202790773710516,1.0,50,n.s.
Wine,13,178,7,8,2,0.9655555555555556,0.029991180361414585,0.9655555555555556,0.02781177058402419,-2.220446049250313e-18,0.009589088449062855,0.8419539602709704,50,n.s.
Wine,13,178,7,8,3,0.9594444444444444,0.03330024813080516,0.9538888888888889,0.026684848299134027,-0.00555555555555556,0.008799551054765929,0.19854279368666194,50,n.s.
Wine,13,178,7,8,4,0.9494444444444444,0.034453038208171825,0.9466666666666668,0.03673154433462266,-0.002777777777777779,0.010692676621563629,0.5805877585164392,50,n.s.
Seeds,7,210,7,8,1,0.8866666666666667,0.04125613387770423,0.8942857142857144,0.04542058226564245,0.0076190476190476164,0.012749901960407378,0.263784926436186,50,n.s.
Seeds,7,210,7,8,2,0.8900000000000001,0.03934126002245689,0.8895238095238095,0.04480509877571459,-0.0004761904761904834,0.010624081659659394,0.929267904895437,50,n.s.
Seeds,7,210,7,8,3,0.8890476190476191,0.03744896414514626,0.8914285714285712,0.040577532767365275,0.0023809523809523838,0.011254628677422758,0.750919296947562,50,n.s.
Seeds,7,210,7,8,4,0.8847619047619046,0.04572521735185322,0.8933333333333333,0.03542643963616745,0.008571428571428572,0.01089423904843493,0.15093007964903724,50,n.s.
Glass,9,214,7,8,1,0.6874418604651161,0.059460085903513864,0.712093023255814,0.06559085317564353,0.024651162790697675,0.016799999999999995,0.004414705472881988,50,n.s.
Glass,9,214,7,8,2,0.6827906976744187,0.06573709079618145,0.6874418604651162,0.0690774294664028,0.00465116279069768,0.0205503510449147,0.8522692549580275,50,n.s.
Glass,9,214,7,8,3,0.6660465116279071,0.060124630037813265,0.6479069767441861,0.06425115178269422,-0.018139534883720932,0.01694475227111554,0.04761959024977432,50,n.s.
Glass,9,214,7,8,4,0.6232558139534884,0.060168672014202104,0.6102325581395348,0.06736243952976399,-0.013023255813953494,0.016064596482346406,0.0961172614143959,50,n.s.
Haberman,3,306,6,8,1,0.7312903225806451,0.01917017458060044,0.7270967741935485,0.020567662308222486,-0.004193548387096775,0.007967352739613033,0.29934072975076464,50,n.s.
Haberman,3,306,6,8,2,0.7241935483870968,0.026119318084688092,0.7216129032258064,0.02322736078479776,-0.0025806451612903156,0.008096853874431214,0.4774283294504651,50,n.s.
Haberman,3,306,6,8,3,0.7248387096774194,0.025535526517536475,0.7264516129032259,0.02459292915046328,0.00161290322580645,0.008141567396209005,0.6324619547429688,50,n.s.
Haberman,3,306,6,8,4,0.7264516129032259,0.023713696461324603,0.7312903225806451,0.02925632210923257,0.004838709677419344,0.010068030817242293,0.32088889296137857,50,n.s.
Ecoli,7,336,8,8,1,0.8058823529411764,0.03793165984299956,0.8191176470588235,0.040763882167924904,0.013235294117647073,0.011798334290971862,0.02208634793986784,50,n.s.
Ecoli,7,336,8,8,2,0.8264705882352941,0.045834924851410566,0.83,0.04150528973071086,0.0035294117647058833,0.011338418019432474,0.42167242895743273,50,n.s.
Ecoli,7,336,8,8,3,0.8238235294117647,0.03902024628424746,0.8344117647058823,0.038601762115418596,0.01058823529411765,0.008154188852838206,0.01698265698671505,50,n.s.
Ecoli,7,336,8,8,4,0.8141176470588235,0.03599249033082699,0.8167647058823527,0.0348017375279198,0.002647058823529409,0.008466346977408173,0.49408342760154267,50,n.s.
Ionosphere,34,351,8,8,1,0.9095774647887324,0.033072742531515625,0.8971830985915493,0.03234997020284411,-0.012394366197183102,0.010333297455426363,0.015018520428304951,50,n.s.
Ionosphere,34,351,8,8,2,0.9019718309859155,0.030773528039122994,0.888732394366197,0.03393788288417104,-0.013239436619718319,0.008020675524287193,0.002063492587579141,50,---
Ionosphere,34,351,8,8,3,0.8594366197183098,0.03536786105013578,0.8478873239436621,0.03485011685249251,-0.011549295774647885,0.009355376996904797,0.03070672598168595,50,n.s.
Ionosphere,34,351,8,8,4,0.8250704225352112,0.030921828732535416,0.8138028169014084,0.029883170826459655,-0.01126760563380281,0.007647044282121533,0.011853055665429735,50,n.s.
Breast Cancer,30,569,9,8,1,0.9561403508771928,0.01763314195422342,0.9607017543859648,0.018180361988292877,0.004561403508771926,0.004057912561303681,0.02468082807944294,50,n.s.
Breast Cancer,30,569,9,8,2,0.9575438596491227,0.017665173119504853,0.9589473684210525,0.019205257203677203,0.0014035087719298177,0.004896536171825387,0.8794749369250031,50,n.s.
Breast Cancer,30,569,9,8,3,0.9556140350877191,0.019284407368010553,0.9557894736842104,0.017806836760232196,0.00017543859649123527,0.0044071125255157355,0.9766810009336636,50,n.s.
Breast Cancer,30,569,9,8,4,0.9510526315789474,0.017993695892660946,0.955438596491228,0.01698353317904503,0.004385964912280698,0.004058209876947652,0.045623004304637546,50,n.s.
Balance Scale,4,625,8,8,1,0.63472,0.08414735374839272,0.7022399999999999,0.046120764282036604,0.06751999999999998,0.026485705439727288,1.0450646685664201e-05,50,+++
Balance Scale,4,625,8,8,2,0.7558400000000002,0.0543846316827218,0.79328,0.033058414594626336,0.03744000000000001,0.018424949762753762,0.0013444997159630064,50,+++
Balance Scale,4,625,8,8,3,0.8003200000000001,0.036319129720761054,0.81584,0.02902452165226597,0.015519999999999992,0.012784965570544175,0.03402193879637996,50,n.s.
Balance Scale,4,625,8,8,4,0.8172800000000001,0.028701873649997257,0.8201599999999999,0.031350135891382705,0.002879999999999996,0.01118888408376813,0.7677847292091984,50,n.s.
Pima Diabetes,8,768,9,8,1,0.7002597402597402,0.031027153930043593,0.7007792207792207,0.030761988284916646,0.0005194805194805197,0.010392877408419971,0.6772800534830421,50,n.s.
Pima Diabetes,8,768,9,8,2,0.7164935064935064,0.029087513053829468,0.7131168831168831,0.03058946698532804,-0.0033766233766233753,0.008698741240751661,0.46359099524106206,50,n.s.
Pima Diabetes,8,768,9,8,3,0.7163636363636363,0.03219979723448946,0.7206493506493505,0.025923951200871903,0.0042857142857142885,0.009444820172939959,0.2630976497218961,50,n.s.
Pima Diabetes,8,768,9,8,4,0.7132467532467531,0.030832401124762796,0.7148051948051949,0.02639598938702425,0.0015584415584415656,0.00909498090629939,0.6150027478431696,50,n.s.
Vehicle,18,846,9,8,1,0.6723529411764707,0.031086758509401537,0.6849411764705883,0.03365879294044086,0.012588235294117648,0.009223588235106547,0.008057336315935495,50,n.s.
Vehicle,18,846,9,8,2,0.6902352941176472,0.03320359375902298,0.6878823529411765,0.030930991253106086,-0.0023529411764705997,0.00886968321175095,0.6720958054973647,50,n.s.
Vehicle,18,846,9,8,3,0.6855294117647058,0.0360505181092086,0.6897647058823531,0.025148664677775767,0.004235294117647066,0.011083323049834361,0.5211277146483893,50,n.s.
Vehicle,18,846,9,8,4,0.6822352941176472,0.03222971183953583,0.686470588235294,0.0334924292157641,0.004235294117647057,0.011112655960271136,0.4312596100810523,50,n.s.
Banknote,4,1372,8,8,1,0.9286545454545455,0.03420604675604901,0.9436363636363637,0.02540944852238047,0.014981818181818186,0.012248079783385038,0.021288404883701432,50,n.s.
Banknote,4,1372,8,8,2,0.9506181818181818,0.027311932241656053,0.9668363636363637,0.017656836423639004,0.01621818181818182,0.009211501656997056,0.002233987972541338,50,+++
Banknote,4,1372,8,8,3,0.9531636363636363,0.024406077176333005,0.969309090909091,0.015742231242526238,0.016145454545454546,0.00851667553190225,0.0011537915488314596,50,+++
Banknote,4,1372,8,8,4,0.9568727272727273,0.020025418153890112,0.971709090909091,0.01553741831363648,0.014836363636363623,0.007242243604695447,0.0008072347832827999,50,+++
Yeast,8,1484,10,8,1,0.44882154882154884,0.026575004514788392,0.47070707070707074,0.024974997567575125,0.021885521885521887,0.009140892644065405,6.13558587665926e-05,50,+++
Yeast,8,1484,10,8,2,0.47919191919191917,0.028182195410426818,0.501077441077441,0.027401749285236827,0.021885521885521893,0.010817129119941567,0.0002933979730754275,50,+++
Yeast,8,1484,10,8,3,0.49084175084175075,0.026215982414069115,0.5104377104377105,0.03064845083612119,0.01959595959595959,0.008931265582386843,0.00028299115598260635,50,+++
Yeast,8,1484,10,8,4,0.49508417508417507,0.02955676528857438,0.5072053872053872,0.034173112388573165,0.012121212121212114,0.010691091988292939,0.03407746720340064,50,n.s.
Steel Plates,33,1941,10,8,1,0.845038560411311,0.025707150725758014,0.8676606683804627,0.026907789926322166,0.02262210796915168,0.010616905581280905,0.00031740688199388743,50,+++
Steel Plates,33,1941,10,8,2,0.8735218508997429,0.02671543662059965,0.8918251928020565,0.028488324232748496,0.018303341902313613,0.010253105985703483,0.003717291581496705,50,n.s.
Steel Plates,33,1941,10,8,3,0.8806169665809768,0.02518841190070882,0.9007197943444731,0.02510114602564105,0.020102827763496145,0.008925089967036776,0.00016902551540219187,50,+++
Steel Plates,33,1941,10,8,4,0.8809768637532133,0.021219153227946708,0.9012339331619537,0.02787214457910368,0.02025706940874037,0.0086359004457102,0.000126979836861897,50,+++
Segment,19,2310,11,8,1,0.9324675324675324,0.013584343003394431,0.9356277056277055,0.012006209839425235,0.003160173160173172,0.004213250339176311,0.10817065255499016,50,n.s.
Segment,19,2310,11,8,2,0.9392207792207793,0.011410311842082485,0.9387878787878787,0.011928150891072782,-0.0004329004329004382,0.00358550289884825,0.9653219110101878,50,n.s.
Segment,19,2310,11,8,3,0.9358008658008657,0.012404169587084901,0.935930735930736,0.011855466612665925,0.00012987012987013545,0.0030506227818608567,0.9414346231143331,50,n.s.
Segment,19,2310,11,8,4,0.931125541125541,0.01117193658027555,0.9335064935064934,0.013717701820070875,0.0023809523809523903,0.0036810387003782348,0.12352294201823807,50,n.s.
Waveform,40,5000,12,8,1,0.77148,0.013552979941921364,0.7775799999999999,0.013206507363216597,0.006100000000000006,0.004831034671786163,0.02368915969280486,50,n.s.
Waveform,40,5000,12,8,2,0.79456,0.011006788257938918,0.7953999999999999,0.012732731402946963,0.0008399999999999985,0.004199387688699389,0.7994541382903307,50,n.s.
Waveform,40,5000,12,8,3,0.8002199999999999,0.012760413914340933,0.79846,0.012873339005202057,-0.0017600000000000016,0.004118403108001931,0.4749237652755709,50,n.s.
Waveform,40,5000,12,8,4,0.7981799999999999,0.010013643753623826,0.7980000000000002,0.01239980250007297,-0.00018000000000000237,0.0038524947553500908,0.9873306427972637,50,n.s.
SatImage,36,6430,12,8,1,0.8289424572317262,0.015703306892090013,0.8359875583203733,0.014823974622774183,0.007045101088646965,0.0047950735675434,0.007336363529859686,50,n.s.
SatImage,36,6430,12,8,2,0.855303265940902,0.011292458306974533,0.8589580093312599,0.01043608337809983,0.0036547433903577086,0.0034801985033042033,0.04292003657822248,50,n.s.
SatImage,36,6430,12,8,3,0.8631881804043546,0.009412121470458015,0.8646500777604976,0.010440244788294608,0.001461897356143076,0.002380984160049984,0.30440623608820794,50,n.s.
SatImage,36,6430,12,8,4,0.8652721617418352,0.009600862406718164,0.8655054432348365,0.00881995436245242,0.00023328149300155365,0.0023260388888539218,0.6553674103968621,50,n.s.
Pendigits,16,10992,13,8,1,0.9591905411550705,0.006553256557412318,0.9679399727148703,0.005144318115149916,0.00874943155979991,0.0020537064793266055,6.428047589275488e-08,50,+++
Pendigits,16,10992,13,8,2,0.9665939063210551,0.005262701549917083,0.9726421100500227,0.004498402955909428,0.006048203728967709,0.0014832239284568514,5.460650939821933e-08,50,+++
Pendigits,16,10992,13,8,3,0.967476125511596,0.004858239832564273,0.9722874033651661,0.004616976631159478,0.0048112778535698,0.0014288491064065457,8.628753959650938e-07,50,+++
Pendigits,16,10992,13,8,4,0.9659390632105501,0.004384267900478725,0.9700409276944063,0.005051923545937537,0.004101864483856302,0.00146391216118005,7.897712257344297e-06,50,+++
EEG Eye State,14,14980,13,8,1,0.6978237650200266,0.011998305181213803,0.7350734312416556,0.009861670543768393,0.03724966622162884,0.003993137619449706,7.548390027588037e-10,50,+++
EEG Eye State,14,14980,13,8,2,0.7204339118825099,0.010808314210582483,0.753351134846462,0.009970107253323314,0.03291722296395193,0.003495021726877027,8.020235040373894e-10,50,+++
EEG Eye State,14,14980,13,8,3,0.7300066755674233,0.010653679173516685,0.7605540720961282,0.008901182575656471,0.03054739652870493,0.003307262063480559,7.548390027588037e-10,50,+++
EEG Eye State,14,14980,13,8,4,0.7350534045393858,0.011098132633701218,0.7639385847797062,0.00965960062159458,0.028885180240320416,0.0034854781526584906,7.543270531852816e-10,50,+++
Magic Gamma,10,19020,14,8,1,0.7664143007360674,0.011375238524713878,0.7837749737118823,0.007928747627411236,0.017360672975814936,0.003771336460834496,8.995276627437873e-09,50,+++
Magic Gamma,10,19020,14,8,2,0.7879284963196637,0.010810079415789193,0.8011198738170348,0.008692085254979026,0.013191377497371197,0.0036364910012573913,1.2215381747320795e-07,50,+++
Magic Gamma,10,19020,14,8,3,0.7971871713985279,0.009671019308378555,0.8064773922187171,0.00865601406812365,0.009290220820189288,0.0034244967593600162,1.2244409975723038e-05,50,+++
Magic Gamma,10,19020,14,8,4,0.8015667718191378,0.009439453755022002,0.809106203995794,0.008096161955956617,0.007539432176656154,0.003442417326810799,0.00024658381454092145,50,+++
Letter Recognition,16,20000,14,8,1,0.8533399999999999,0.009241206520751688,0.8740850000000002,0.006484992486581645,0.020744999999999996,0.002476397391373201,1.2532826627526425e-09,50,+++
Letter Recognition,16,20000,14,8,2,0.8462850000000002,0.006933358066740288,0.8601749999999998,0.005932926541508735,0.013890000000000012,0.0022450325966453136,2.054133478127873e-09,50,+++
Letter Recognition,16,20000,14,8,3,0.83087,0.007896369612753983,0.841025,0.007198222924118563,0.010155,0.002401556670162085,2.8421258765991025e-08,50,+++
Letter Recognition,16,20000,14,8,4,0.81489,0.00855715478177084,0.82273,0.006871606769296159,0.007839999999999991,0.0023683912176834304,8.497789639024766e-07,50,+++
