dataset,n_features,n_samples,a,t,thermometer,random_mean,f4rm_mean,paired_delta_mean,paired_delta_ci_half,wilcoxon_p,n_paired,significance
Iris,4,150,7,8,linear,0.9146666666666667,0.9213333333333334,0.006666666666666665,0.011805836597961946,0.18195129250690745,50,n.s.
Iris,4,150,7,8,distributive,0.924,0.9313333333333332,0.0073333333333333315,0.012281758831698332,0.2161502321884905,50,n.s.
Iris,4,150,7,8,gaussian,0.9273333333333333,0.9219999999999999,-0.005333333333333332,0.01214911793780382,0.34970420017790493,50,n.s.
Iris,4,150,7,8,exponential,0.9139999999999999,0.9180000000000001,0.004000000000000001,0.019094823033133,0.9338369975628864,50,n.s.
Wine,13,178,7,8,linear,0.9655555555555554,0.97,0.004444444444444449,0.010243070527296028,0.31956979373777683,50,n.s.
Wine,13,178,7,8,distributive,0.9722222222222223,0.9722222222222223,2.220446049250313e-18,0.009202790773710516,1.0,50,n.s.
Wine,13,178,7,8,gaussian,0.9677777777777777,0.9699999999999999,0.002222222222222223,0.009940961525394953,0.7413383579605644,50,n.s.
Wine,13,178,7,8,exponential,0.975,0.9761111111111112,0.0011111111111111094,0.008930568947631225,0.9330397957906512,50,n.s.
Seeds,7,210,7,8,linear,0.8666666666666667,0.8804761904761904,0.013809523809523806,0.015724856473466175,0.14879098427698234,50,n.s.
Seeds,7,210,7,8,distributive,0.8866666666666667,0.8942857142857144,0.0076190476190476164,0.012749901960407378,0.263784926436186,50,n.s.
Seeds,7,210,7,8,gaussian,0.8952380952380953,0.8976190476190478,0.002380952380952381,0.01308094458023239,0.7746527091285441,50,n.s.
Seeds,7,210,7,8,exponential,0.8404761904761906,0.848095238095238,0.007619047619047619,0.016462212622987363,0.310489321790011,50,n.s.
Glass,9,214,7,8,linear,0.5730232558139535,0.5697674418604651,-0.0032558139534883744,0.013659526774908434,0.9478454993384839,50,n.s.
Glass,9,214,7,8,distributive,0.6874418604651161,0.712093023255814,0.024651162790697675,0.016799999999999995,0.004414705472881988,50,n.s.
Glass,9,214,7,8,gaussian,0.641860465116279,0.6739534883720931,0.03209302325581394,0.020254826558584356,0.005325300228071955,50,n.s.
Glass,9,214,7,8,exponential,0.5716279069767441,0.5934883720930233,0.021860465116279072,0.018205095596528605,0.015100695905692647,50,n.s.
Haberman,3,306,6,8,linear,0.737741935483871,0.7361290322580646,-0.00161290322580645,0.0060758302148074764,0.7275607975523077,50,n.s.
Haberman,3,306,6,8,distributive,0.7312903225806451,0.7270967741935485,-0.004193548387096775,0.007967352739613033,0.29934072975076464,50,n.s.
Haberman,3,306,6,8,gaussian,0.7329032258064516,0.7312903225806451,-0.0016129032258064568,0.009440762240165679,0.6230209058722705,50,n.s.
Haberman,3,306,6,8,exponential,0.7451612903225808,0.7393548387096774,-0.005806451612903225,0.008652130075230583,0.3153893675423368,50,n.s.
Ecoli,7,336,8,8,linear,0.7738235294117647,0.7844117647058824,0.010588235294117643,0.009917975013766794,0.0771407318271278,50,n.s.
Ecoli,7,336,8,8,distributive,0.8058823529411764,0.8191176470588235,0.013235294117647073,0.011798334290971862,0.02208634793986784,50,n.s.
Ecoli,7,336,8,8,gaussian,0.811470588235294,0.8197058823529411,0.00823529411764707,0.01077408142023379,0.1119245806206557,50,n.s.
Ecoli,7,336,8,8,exponential,0.705,0.7105882352941176,0.00558823529411764,0.013276203442802132,0.6115924368853982,50,n.s.
Ionosphere,34,351,8,8,linear,0.7816901408450704,0.7771830985915493,-0.004507042253521132,0.026164525456855964,0.9421317862622356,50,n.s.
Ionosphere,34,351,8,8,distributive,0.9095774647887324,0.8971830985915493,-0.012394366197183102,0.010333297455426363,0.015018520428304951,50,n.s.
Ionosphere,34,351,8,8,gaussian,0.8890140845070422,0.884225352112676,-0.0047887323943661955,0.013376166602193953,0.6713361088653305,50,n.s.
Ionosphere,34,351,8,8,exponential,0.6154929577464789,0.6183098591549296,0.002816901408450707,0.027974993793076594,0.5757874071780149,50,n.s.
Breast Cancer,30,569,9,8,linear,0.9059649122807016,0.9015789473684211,-0.0043859649122807,0.01050412866402819,0.7310040198598184,50,n.s.
Breast Cancer,30,569,9,8,distributive,0.9561403508771928,0.9607017543859648,0.004561403508771926,0.004057912561303681,0.02468082807944294,50,n.s.
Breast Cancer,30,569,9,8,gaussian,0.961578947368421,0.9582456140350876,-0.0033333333333333283,0.004363089820926498,0.20348657974518902,50,n.s.
Breast Cancer,30,569,9,8,exponential,0.9519298245614034,0.952456140350877,0.0005263157894736792,0.005943859649122808,0.9273357924731136,50,n.s.
Balance Scale,4,625,8,8,linear,0.6990400000000001,0.75088,0.051840000000000004,0.021416274394954877,4.982808125462461e-05,50,+++
Balance Scale,4,625,8,8,distributive,0.63472,0.7022399999999999,0.06751999999999998,0.026485705439727288,1.0450646685664201e-05,50,+++
Balance Scale,4,625,8,8,gaussian,0.6990400000000001,0.75088,0.051840000000000004,0.021416274394954877,4.982808125462461e-05,50,+++
Balance Scale,4,625,8,8,exponential,0.63824,0.70928,0.07104,0.030426555811659,4.515698012829546e-05,50,+++
Pima Diabetes,8,768,9,8,linear,0.687012987012987,0.6833766233766232,-0.0036363636363636286,0.008667675296255754,0.26525273352378176,50,n.s.
Pima Diabetes,8,768,9,8,distributive,0.7002597402597402,0.7007792207792207,0.0005194805194805197,0.010392877408419971,0.6772800534830421,50,n.s.
Pima Diabetes,8,768,9,8,gaussian,0.6972727272727272,0.7071428571428572,0.009870129870129868,0.011637727192836064,0.09657325163927373,50,n.s.
Pima Diabetes,8,768,9,8,exponential,0.6728571428571428,0.6806493506493507,0.007792207792207792,0.009090909090909084,0.07854294393217134,50,n.s.
Vehicle,18,846,9,8,linear,0.5827058823529412,0.5885882352941176,0.005882352941176469,0.012762314766557516,0.3738219150240223,50,n.s.
Vehicle,18,846,9,8,distributive,0.6723529411764707,0.6849411764705883,0.012588235294117648,0.009223588235106547,0.008057336315935495,50,n.s.
Vehicle,18,846,9,8,gaussian,0.6594117647058825,0.6755294117647059,0.01611764705882352,0.010263753807186375,0.00567399871944509,50,n.s.
Vehicle,18,846,9,8,exponential,0.6352941176470589,0.6357647058823529,0.000470588235294116,0.011271660025177453,0.9302467854274128,50,n.s.
Banknote,4,1372,8,8,linear,0.8313454545454545,0.8640727272727272,0.032727272727272716,0.022665010861576306,0.012573734557111053,50,n.s.
Banknote,4,1372,8,8,distributive,0.9286545454545455,0.9436363636363637,0.014981818181818186,0.012248079783385038,0.021288404883701432,50,n.s.
Banknote,4,1372,8,8,gaussian,0.9336,0.9605818181818182,0.026981818181818173,0.012420299161965754,7.639258668596754e-05,50,+++
Banknote,4,1372,8,8,exponential,0.7759999999999999,0.7748363636363637,-0.0011636363636363624,0.017913565787040044,0.5571822256226062,50,n.s.
Yeast,8,1484,10,8,linear,0.3948821548821549,0.40235690235690236,0.007474747474747475,0.006856380869015548,0.04874833079695539,50,n.s.
Yeast,8,1484,10,8,distributive,0.44882154882154884,0.47070707070707074,0.021885521885521887,0.009140892644065405,6.13558587665926e-05,50,+++
Yeast,8,1484,10,8,gaussian,0.4520538720538721,0.471043771043771,0.018989898989898998,0.009444112155578558,0.0002499122931206539,50,+++
Yeast,8,1484,10,8,exponential,0.3919865319865319,0.3972390572390573,0.005252525252525252,0.006092774486210153,0.04707195525870282,50,n.s.
Steel Plates,33,1941,10,8,linear,0.7962467866323908,0.8140874035989718,0.017840616966580975,0.011634343956796765,0.002002392008625937,50,+++
Steel Plates,33,1941,10,8,distributive,0.845038560411311,0.8676606683804627,0.02262210796915168,0.010616905581280905,0.00031740688199388743,50,+++
Steel Plates,33,1941,10,8,gaussian,0.8126992287917737,0.8278663239074551,0.01516709511568123,0.010806747879161705,0.011339071805183674,50,n.s.
Steel Plates,33,1941,10,8,exponential,0.8119280205655527,0.8292544987146528,0.017326478149100252,0.013861833797336433,0.031253580001036826,50,n.s.
Segment,19,2310,11,8,linear,0.875757575757576,0.8756277056277055,-0.00012987012987013323,0.005455097615150186,0.8333865817275568,50,n.s.
Segment,19,2310,11,8,distributive,0.9324675324675324,0.9356277056277055,0.003160173160173172,0.004213250339176311,0.10817065255499016,50,n.s.
Segment,19,2310,11,8,gaussian,0.9161904761904762,0.9198268398268398,0.00363636363636364,0.004749659501594149,0.09543465068086388,50,n.s.
Segment,19,2310,11,8,exponential,0.8944155844155843,0.895757575757576,0.001341991341991342,0.005778768015729159,0.4059736002875799,50,n.s.
Waveform,40,5000,12,8,linear,0.64408,0.6503,0.006220000000000008,0.007197533844310847,0.1974353312904802,50,n.s.
Waveform,40,5000,12,8,distributive,0.77148,0.7775799999999999,0.006100000000000006,0.004831034671786163,0.02368915969280486,50,n.s.
Waveform,40,5000,12,8,gaussian,0.7739600000000002,0.7768200000000001,0.0028600000000000027,0.004647666012096829,0.3030202281542439,50,n.s.
Waveform,40,5000,12,8,exponential,0.5656800000000001,0.5732400000000001,0.007559999999999989,0.007898414382646674,0.050015376569539985,50,n.s.
SatImage,36,6430,12,8,linear,0.7404043545878695,0.7448522550544324,0.0044479004665629795,0.009537346735714526,0.32240942693758023,50,n.s.
SatImage,36,6430,12,8,distributive,0.8289424572317262,0.8359875583203733,0.007045101088646965,0.0047950735675434,0.007336363529859686,50,n.s.
SatImage,36,6430,12,8,gaussian,0.8332970451010887,0.8422861586314153,0.008989113530326595,0.005386355886155769,0.0022186594117047822,50,+++
SatImage,36,6430,12,8,exponential,0.6681493001555211,0.6639502332814929,-0.00419906687402799,0.01520680443317444,0.6993912157632565,50,n.s.
Pendigits,16,10992,13,8,linear,0.9399727148703957,0.9517689859026832,0.01179627103228741,0.0035918435710346765,9.580426032440565e-07,50,+++
Pendigits,16,10992,13,8,distributive,0.9591905411550705,0.9679399727148703,0.00874943155979991,0.0020537064793266055,6.428047589275488e-08,50,+++
Pendigits,16,10992,13,8,gaussian,0.962055479763529,0.9717962710322874,0.009740791268758526,0.0017929831146036414,1.6986673191465013e-09,50,+++
Pendigits,16,10992,13,8,exponential,0.9152432924056388,0.9294861300591178,0.014242837653478852,0.005042898985513146,6.682157537229839e-06,50,+++
EEG Eye State,14,14980,13,8,linear,0.5511281708945259,0.5512283044058743,0.00010013351134846582,0.00022371419072123302,0.34523107177184,50,n.s.
EEG Eye State,14,14980,13,8,distributive,0.6978237650200266,0.7350734312416556,0.03724966622162884,0.003993137619449706,7.548390027588037e-10,50,+++
EEG Eye State,14,14980,13,8,gaussian,0.5847196261682243,0.5908144192256342,0.006094793057409893,0.0026778471908941548,0.0002987793811543217,50,+++
EEG Eye State,14,14980,13,8,exponential,0.5529305740987983,0.553384512683578,0.00045393858477970727,0.0005266120868169077,0.26296608850992964,50,n.s.
Magic Gamma,10,19020,14,8,linear,0.7228548895899054,0.7287381703470033,0.005883280757097807,0.0021151603018959592,1.4926320430600596e-05,50,+++
Magic Gamma,10,19020,14,8,distributive,0.7664143007360674,0.7837749737118823,0.017360672975814936,0.003771336460834496,8.995276627437873e-09,50,+++
Magic Gamma,10,19020,14,8,gaussian,0.7715352260778129,0.7829284963196637,0.011393270241850691,0.00250918464636498,4.629121831814005e-09,50,+++
Magic Gamma,10,19020,14,8,exponential,0.7287802313354365,0.7343480546792849,0.005567823343848581,0.0036023314025563948,0.003287327681499422,50,n.s.
Letter Recognition,16,20000,14,8,linear,0.56486,0.599685,0.034825000000000016,0.006620079531244317,1.4163500695105193e-08,50,+++
Letter Recognition,16,20000,14,8,distributive,0.8533399999999999,0.8740850000000002,0.020744999999999996,0.002476397391373201,1.2532826627526425e-09,50,+++
Letter Recognition,16,20000,14,8,gaussian,0.8587899999999999,0.8795050000000001,0.020715000000000004,0.0029556586338750283,1.1195494242218472e-09,50,+++
Letter Recognition,16,20000,14,8,exponential,0.57571,0.6086,0.03289,0.007447449453336356,4.534862583653979e-08,50,+++
