dataset,n_features,n_samples,a,t,backend,rand_mem_bytes_mean,f4rm_mem_bytes_mean,ratio_f4rm_over_random_mean,ratio_f4rm_over_random_std,n_paired
Iris,4,150,7,8,dense,546.9,562.7,1.032004527888163,0.08653511213488356,50
Iris,4,150,7,8,cuckoo,115.48,118.92,1.0328278553452386,0.08581102540305108,50
Iris,4,150,7,8,bloom,132.44,136.18,1.0313332466515053,0.08625367237719625,50
Wine,13,178,7,8,dense,3425.0,3654.1,1.067542342225614,0.03305191102036135,50
Wine,13,178,7,8,cuckoo,721.48,769.82,1.0676493057886334,0.03297156548303822,50
Wine,13,178,7,8,bloom,824.1,878.98,1.0672401259793975,0.032870993653653195,50
Seeds,7,210,7,8,dense,1166.4,1242.2,1.06585650182768,0.04179293488844241,50
Seeds,7,210,7,8,cuckoo,246.02,262.02,1.0658958025471699,0.04170844188850596,50
Seeds,7,210,7,8,bloom,281.54,299.6,1.0650191654475307,0.041829474733670255,50
Glass,9,214,7,8,dense,3260.1,3603.1,1.1067936406315806,0.048921437862859005,50
Glass,9,214,7,8,cuckoo,686.84,759.02,1.1066768407149556,0.048890824480198325,50
Glass,9,214,7,8,bloom,785.84,867.94,1.1060344341986499,0.04860331135883802,50
Haberman,3,306,6,8,dense,689.8,806.4,1.1763123928606936,0.11907560228749382,50
Haberman,3,306,6,8,cuckoo,145.62,170.2,1.176037415183749,0.11871577783656417,50
Haberman,3,306,6,8,bloom,166.32,194.08,1.1740413487573307,0.117914676846417,50
Ecoli,7,336,8,8,dense,1762.6,1946.0,1.105213992453064,0.04004352086561802,50
Ecoli,7,336,8,8,cuckoo,371.62,410.12,1.1047481863875073,0.039713361226955984,50
Ecoli,7,336,8,8,bloom,426.86,470.86,1.1042210000203123,0.03963815657224031,50
Ionosphere,34,351,8,8,dense,12083.4,12697.2,1.051189119048683,0.024300117390432183,50
Ionosphere,34,351,8,8,cuckoo,2544.3,2673.58,1.0512032885550497,0.02431362937405359,50
Ionosphere,34,351,8,8,bloom,2900.26,3047.22,1.0510618295640861,0.02423509933060477,50
Breast Cancer,30,569,9,8,dense,12942.4,13541.9,1.0466658728311284,0.03260323277855177,50
Breast Cancer,30,569,9,8,cuckoo,2725.14,2851.4,1.0466764719471742,0.03259865072579267,50
Breast Cancer,30,569,9,8,bloom,3105.1,3248.84,1.046632761976752,0.0324776495542493,50
Balance Scale,4,625,8,8,dense,1482.2,1738.4,1.1962889587607337,0.21065879307815089,50
Balance Scale,4,625,8,8,cuckoo,312.58,366.46,1.195785139948806,0.21062905860836822,50
Balance Scale,4,625,8,8,bloom,356.36,417.78,1.195645827783985,0.2099227333117157,50
Pima Diabetes,8,768,9,8,dense,6024.5,7478.8,1.2445604654358753,0.06775606877951999,50
Pima Diabetes,8,768,9,8,cuckoo,1268.82,1574.92,1.2444111034121987,0.06778956314691913,50
Pima Diabetes,8,768,9,8,bloom,1445.06,1793.44,1.2442358985398803,0.06763897520641737,50
Vehicle,18,846,9,8,dense,10598.4,11221.5,1.0597795945709767,0.051512549314989206,50
Vehicle,18,846,9,8,cuckoo,2231.72,2362.88,1.0597541383044409,0.05143449604561844,50
Vehicle,18,846,9,8,bloom,2543.92,2693.44,1.059760684298113,0.051473687768451785,50
Banknote,4,1372,8,8,dense,947.1,1012.2,1.0714523049956184,0.06217807017795324,50
Banknote,4,1372,8,8,cuckoo,199.92,213.5,1.0706229834555827,0.06140422423855733,50
Banknote,4,1372,8,8,bloom,227.84,243.44,1.0712264186256493,0.06252710658809935,50
Yeast,8,1484,10,8,dense,7845.5,9263.3,1.1854387190944187,0.08758075261097609,50
Yeast,8,1484,10,8,cuckoo,1652.16,1950.64,1.1853826552191697,0.08756791432112572,50
Yeast,8,1484,10,8,bloom,1884.88,2224.62,1.184944174539881,0.08733629820325489,50
Steel Plates,33,1941,10,8,dense,19870.6,21847.6,1.101385258633723,0.07298419621287061,50
Steel Plates,33,1941,10,8,cuckoo,4183.78,4599.88,1.101346503979275,0.0729711666706347,50
Steel Plates,33,1941,10,8,bloom,4765.4,5239.0,1.1012711476896435,0.07292731551878044,50
Segment,19,2310,11,8,dense,13185.1,14288.0,1.0847445517437677,0.03982413369003766,50
Segment,19,2310,11,8,cuckoo,2776.32,3008.44,1.084704516965828,0.039830659683770926,50
Segment,19,2310,11,8,bloom,3166.16,3430.4,1.0845493648582327,0.039724356534104686,50
Waveform,40,5000,12,8,dense,167271.9,183503.6,1.097552863391108,0.02583574774825328,50
Waveform,40,5000,12,8,cuckoo,35215.58,38632.86,1.0975539743414684,0.025836369640051225,50
Waveform,40,5000,12,8,bloom,40088.28,43977.86,1.0975403553449559,0.025834982369066322,50
SatImage,36,6430,12,8,dense,46610.0,48414.7,1.0390890051582473,0.02791913826937758,50
SatImage,36,6430,12,8,cuckoo,9813.08,10193.06,1.0390917295798523,0.027922904615472567,50
SatImage,36,6430,12,8,bloom,11178.42,11610.9,1.0390585134838988,0.027902946810752772,50
Pendigits,16,10992,13,8,dense,35240.1,38807.7,1.1017733920372264,0.030884520970903474,50
Pendigits,16,10992,13,8,cuckoo,7419.46,8170.54,1.1017673673591977,0.030883254633107905,50
Pendigits,16,10992,13,8,bloom,8451.08,9306.08,1.1017064894417665,0.03086859570374155,50
EEG Eye State,14,14980,13,8,dense,40283.0,52625.3,1.3096326112295134,0.07820619605645707,50
EEG Eye State,14,14980,13,8,cuckoo,8481.08,11079.46,1.30961548784897,0.07819723023495974,50
EEG Eye State,14,14980,13,8,bloom,9654.42,12612.06,1.3095941864232383,0.0782064338694554,50
Magic Gamma,10,19020,14,8,dense,28636.9,36142.6,1.271381999522642,0.1224410185831113,50
Magic Gamma,10,19020,14,8,cuckoo,6029.32,7609.44,1.2713552315255432,0.12243099536728004,50
Magic Gamma,10,19020,14,8,bloom,6863.28,8661.96,1.2713534933922281,0.12242843904813477,50
Letter Recognition,16,20000,14,8,dense,139804.6,158702.6,1.1364543594411902,0.04478715533098671,50
Letter Recognition,16,20000,14,8,cuckoo,29433.04,33411.56,1.1364516666613396,0.04478510821481269,50
Letter Recognition,16,20000,14,8,bloom,33517.52,38046.02,1.13638678887757,0.044758765224851484,50
