dataset,n_features,n_samples,a,t,K,random_mean,f4rm_mean,paired_delta_mean,paired_delta_ci_half,wilcoxon_p,n_paired,significance
Iris,4,150,7,8,1,0.9122222222222223,0.9322222222222221,0.019999999999999997,0.016752252283715966,0.02331562383404049,30,n.s.
Iris,4,150,7,8,5,0.94,0.9466666666666665,0.006666666666666665,0.008521303781427859,0.14458527993735387,30,n.s.
Iris,4,150,7,8,10,0.9499999999999998,0.9522222222222222,0.002222222222222222,0.006957615402582349,0.5270892568655381,30,n.s.
Iris,4,150,7,8,25,0.9488888888888888,0.9544444444444444,0.005555555555555554,0.007062597927454682,0.13166801602281422,30,n.s.
Iris,4,150,7,8,50,0.9522222222222221,0.9555555555555555,0.0033333333333333327,0.007893635181139589,0.3795370857491177,30,n.s.
Iris,4,150,7,8,100,0.9499999999999998,0.9566666666666667,0.006666666666666665,0.005776032745614964,0.033894853524689274,30,n.s.
Wine,13,178,7,8,1,0.9611111111111109,0.9694444444444444,0.00833333333333334,0.010160504172551814,0.08537235369061341,30,n.s.
Wine,13,178,7,8,5,0.9740740740740741,0.973148148148148,-0.0009259259259259263,0.006646731226430413,0.7815112949987133,30,n.s.
Wine,13,178,7,8,10,0.9777777777777776,0.973148148148148,-0.004629629629629632,0.00527492584996904,0.09558070454562939,30,n.s.
Wine,13,178,7,8,25,0.9759259259259259,0.9731481481481481,-0.002777777777777779,0.005444444444444446,0.31731050786291415,30,n.s.
Wine,13,178,7,8,50,0.9768518518518516,0.9749999999999999,-0.0018518518518518526,0.0036296296296296315,0.31731050786291415,30,n.s.
Wine,13,178,7,8,100,0.9759259259259259,0.9768518518518516,0.0009259259259259263,0.0031792766487772493,0.5637028616507731,30,n.s.
Seeds,7,210,7,8,1,0.8920634920634918,0.896031746031746,0.003968253968253965,0.015834660830281358,0.6815024509492483,30,n.s.
Seeds,7,210,7,8,5,0.9055555555555553,0.9134920634920634,0.007936507936507924,0.007192541427925335,0.10815122461720178,30,n.s.
Seeds,7,210,7,8,10,0.9134920634920634,0.9087301587301586,-0.00476190476190476,0.007554653991736872,0.22389264211207793,30,n.s.
Seeds,7,210,7,8,25,0.9103174603174603,0.915079365079365,0.00476190476190476,0.00648487778194341,0.1901684571928528,30,n.s.
Seeds,7,210,7,8,50,0.9103174603174603,0.9166666666666665,0.006349206349206338,0.006302168398410517,0.1355147945267819,30,n.s.
Seeds,7,210,7,8,100,0.9111111111111111,0.9134920634920632,0.00238095238095238,0.005175341870236079,0.5098785441756271,30,n.s.
Glass,9,214,7,8,1,0.6914728682170544,0.7147286821705426,0.023255813953488372,0.017483685040211215,0.01953645725353145,30,n.s.
Glass,9,214,7,8,5,0.7403100775193799,0.7310077519379844,-0.00930232558139535,0.01459521230323954,0.23782403851524547,30,n.s.
Glass,9,214,7,8,10,0.7372093023255815,0.7271317829457364,-0.010077519379844968,0.013415832991878793,0.13253931420554071,30,n.s.
Glass,9,214,7,8,25,0.7480620155038761,0.7294573643410853,-0.01860465116279069,0.012439859989518007,0.02228770017665209,30,n.s.
Glass,9,214,7,8,50,0.7449612403100775,0.7317829457364341,-0.013178294573643416,0.009446483458063676,0.008128221143734998,30,n.s.
Glass,9,214,7,8,100,0.7449612403100776,0.7317829457364342,-0.0131782945736434,0.009190201932388389,0.020162397144241583,30,n.s.
Haberman,3,306,6,8,1,0.7338709677419355,0.7295698924731184,-0.004301075268817201,0.009578280143560733,0.5020746995833973,30,n.s.
Haberman,3,306,6,8,5,0.7150537634408602,0.7016129032258066,-0.01344086021505377,0.011846256111270947,0.04631964630360104,30,n.s.
Haberman,3,306,6,8,10,0.7075268817204302,0.6946236559139786,-0.012903225806451623,0.0146485012174379,0.06592680243718946,30,n.s.
Haberman,3,306,6,8,25,0.7010752688172043,0.6930107526881721,-0.008064516129032254,0.011418332522964347,0.26038126272161555,30,n.s.
Haberman,3,306,6,8,50,0.693548387096774,0.6978494623655913,0.0043010752688171965,0.011734213065749297,0.6205932062814493,30,n.s.
Haberman,3,306,6,8,100,0.6935483870967742,0.6930107526881721,-0.0005376344086021501,0.006690389216254272,0.7908573841213065,30,n.s.
Ecoli,7,336,8,8,1,0.810294117647059,0.8088235294117648,-0.0014705882352941161,0.016430487017469367,0.8850065179833271,30,n.s.
Ecoli,7,336,8,8,5,0.8568627450980392,0.8558823529411765,-0.0009803921568627342,0.009467672577418207,0.916416526341306,30,n.s.
Ecoli,7,336,8,8,10,0.8588235294117647,0.8607843137254901,0.0019607843137254906,0.006139072414043252,0.5570982568659901,30,n.s.
Ecoli,7,336,8,8,25,0.8661764705882352,0.8642156862745097,-0.001960784313725487,0.0059814993599260615,0.46631197673878844,30,n.s.
Ecoli,7,336,8,8,50,0.8651960784313726,0.8676470588235292,0.0024509803921568614,0.00499875363961808,0.454326985694402,30,n.s.
Ecoli,7,336,8,8,100,0.8666666666666668,0.8666666666666666,-7.401486830834377e-18,0.004982808611307723,0.7311779625628556,30,n.s.
Ionosphere,34,351,8,8,1,0.9145539906103284,0.9061032863849765,-0.008450704225352112,0.013008932413590581,0.29370734961177336,30,n.s.
Ionosphere,34,351,8,8,5,0.9384976525821594,0.9347417840375587,-0.003755868544600934,0.00674034715919703,0.3247539183991638,30,n.s.
Ionosphere,34,351,8,8,10,0.9408450704225352,0.9408450704225352,-7.401486830834377e-18,0.005457296560335134,0.6999413117648701,30,n.s.
Ionosphere,34,351,8,8,25,0.9413145539906103,0.9427230046948357,0.001408450704225354,0.003824690806351093,0.4031101143108593,30,n.s.
Ionosphere,34,351,8,8,50,0.9408450704225351,0.9446009389671363,0.003755868544600934,0.0037280432779329877,0.1721044778347144,30,n.s.
Ionosphere,34,351,8,8,100,0.9422535211267605,0.9450704225352112,0.002816901408450708,0.0033484443164273877,0.14245289437087158,30,n.s.
Breast Cancer,30,569,9,8,1,0.9576023391812863,0.9570175438596489,-0.0005847953216374324,0.005143602344116962,0.9068026220491235,30,n.s.
Breast Cancer,30,569,9,8,5,0.9625730994152045,0.9614035087719297,-0.0011695906432748612,0.003269768182673523,0.41660308763858156,30,n.s.
Breast Cancer,30,569,9,8,10,0.9643274853801168,0.9625730994152044,-0.0017543859649122825,0.002902802136953253,0.1694643345354433,30,n.s.
Breast Cancer,30,569,9,8,25,0.9637426900584795,0.9643274853801167,0.0005847953216374288,0.003586907127549157,0.7514817856969949,30,n.s.
Breast Cancer,30,569,9,8,50,0.9643274853801168,0.964912280701754,0.0005847953216374361,0.0027257303257229807,0.40900159499574107,30,n.s.
Breast Cancer,30,569,9,8,100,0.9646198830409355,0.9654970760233916,0.0008771929824561431,0.0023820442741309435,0.5461695654428671,30,n.s.
Balance Scale,4,625,8,8,1,0.6336,0.7021333333333336,0.06853333333333333,0.031492040796079195,0.00024026463301706673,30,+++
Balance Scale,4,625,8,8,5,0.7970666666666667,0.8162666666666667,0.019199999999999988,0.00943799051279138,0.0012971612010147305,30,+++
Balance Scale,4,625,8,8,10,0.8192,0.8253333333333335,0.006133333333333316,0.008757188176936903,0.23686021840360538,30,n.s.
Balance Scale,4,625,8,8,25,0.8370666666666668,0.8437333333333332,0.006666666666666669,0.00642703409070351,0.0785533083081011,30,n.s.
Balance Scale,4,625,8,8,50,0.8426666666666668,0.8509333333333334,0.00826666666666667,0.0061299625719982665,0.00899771957496951,30,n.s.
Balance Scale,4,625,8,8,100,0.8472000000000002,0.8533333333333334,0.006133333333333342,0.005299157073141329,0.024405371255768294,30,n.s.
Pima Diabetes,8,768,9,8,1,0.6909090909090907,0.7119047619047617,0.020995670995671,0.014603198685957896,0.007784247892071809,30,n.s.
Pima Diabetes,8,768,9,8,5,0.7268398268398266,0.7391774891774892,0.01233766233766234,0.01252599462976114,0.06153642595294991,30,n.s.
Pima Diabetes,8,768,9,8,10,0.7402597402597402,0.7415584415584415,0.0012987012987012954,0.010089972374081954,0.8729899954137936,30,n.s.
Pima Diabetes,8,768,9,8,25,0.7426406926406927,0.7402597402597403,-0.0023809523809523764,0.007535323653411765,0.6043291085024471,30,n.s.
Pima Diabetes,8,768,9,8,50,0.7445887445887445,0.7487012987012989,0.004112554112554123,0.007535323653411768,0.3413874022599229,30,n.s.
Pima Diabetes,8,768,9,8,100,0.7467532467532467,0.7469696969696968,0.00021645021645021097,0.008198025667056607,0.8371948309873231,30,n.s.
Vehicle,18,846,9,8,1,0.6672549019607845,0.670980392156863,0.003725490196078422,0.015334235554627764,0.5300373598235741,30,n.s.
Vehicle,18,846,9,8,5,0.7170588235294119,0.7168627450980393,-0.00019607843137255202,0.011575481541842337,0.8205807429824382,30,n.s.
Vehicle,18,846,9,8,10,0.7141176470588237,0.7196078431372551,0.0054901960784313674,0.008860796186060001,0.34821435623816577,30,n.s.
Vehicle,18,846,9,8,25,0.7225490196078431,0.7280392156862745,0.005490196078431375,0.006252509774622588,0.111778297156484,30,n.s.
Vehicle,18,846,9,8,50,0.7225490196078431,0.7260784313725491,0.003529411764705888,0.007304401570643154,0.34136989554321506,30,n.s.
Vehicle,18,846,9,8,100,0.728627450980392,0.7292156862745096,0.0005882352941176598,0.005592505823481451,0.5458796877182621,30,n.s.
Banknote,4,1372,8,8,1,0.9249696969696969,0.9547878787878789,0.02981818181818182,0.0182924289697611,0.005085040049637291,30,n.s.
Banknote,4,1372,8,8,5,0.9935757575757573,0.9953939393939394,0.0018181818181818115,0.001800156416369691,0.08466353185778158,30,n.s.
Banknote,4,1372,8,8,10,0.9955151515151515,0.9966060606060606,0.0010909090909090905,0.0014558514513080846,0.15295273384413888,30,n.s.
Banknote,4,1372,8,8,25,0.9963636363636363,0.9973333333333333,0.0009696969696969723,0.0012289493507709702,0.09946103221448399,30,n.s.
Banknote,4,1372,8,8,50,0.9966060606060606,0.997090909090909,0.000484848484848488,0.0010098776653114567,0.29680108335225874,30,n.s.
Banknote,4,1372,8,8,100,0.9966060606060605,0.9972121212121211,0.00060606060606061,0.0007704652284496067,0.13166801602281422,30,n.s.
Yeast,8,1484,10,8,1,0.45679012345679015,0.469584736251403,0.012794612794612784,0.010453144845120173,0.03315248689821866,30,n.s.
Yeast,8,1484,10,8,5,0.5338945005611673,0.5521885521885521,0.018294051627384962,0.008812461316623013,0.0004962720571779806,30,+++
Yeast,8,1484,10,8,10,0.5626262626262627,0.5714927048260382,0.008866442199775552,0.009547529165553995,0.06591898278302329,30,n.s.
Yeast,8,1484,10,8,25,0.5767676767676768,0.5868686868686869,0.010101010101010095,0.006584138255601891,0.006408035360140375,30,n.s.
Yeast,8,1484,10,8,50,0.5843995510662179,0.5951739618406283,0.010774410774410763,0.006433395185361149,0.004884525823124262,30,n.s.
Yeast,8,1484,10,8,100,0.5951739618406285,0.598989898989899,0.0038159371492704837,0.006665243509865154,0.25326044678076287,30,n.s.
Steel Plates,33,1941,10,8,1,0.8482433590402741,0.8567266495287059,0.008483290488431876,0.009684786425913921,0.1440235927586024,30,n.s.
Steel Plates,33,1941,10,8,5,0.9357326478149102,0.9454155955441303,0.009682947729220234,0.006503332787112979,0.010025415726687492,30,n.s.
Steel Plates,33,1941,10,8,10,0.9495287060839761,0.9625535561268208,0.013024850042844904,0.0044671708384791215,3.746289160049834e-05,30,+++
Steel Plates,33,1941,10,8,25,0.9597257926306768,0.9707797772065123,0.011053984575835474,0.004226968130396234,8.456985738349001e-05,30,+++
Steel Plates,33,1941,10,8,50,0.96426735218509,0.9740359897172236,0.009768637532133676,0.0033070947269465403,1.3241581568097642e-05,30,+++
Steel Plates,33,1941,10,8,100,0.9657240788346185,0.9755784061696658,0.009854327335047142,0.00251154640319912,5.2912617307509755e-06,30,+++
Segment,19,2310,11,8,1,0.9325396825396826,0.9335497835497834,0.0010101010101009945,0.006111519570909837,0.9180410897903026,30,n.s.
Segment,19,2310,11,8,5,0.9572871572871572,0.9582251082251082,0.0009379509379509376,0.002903001192157655,0.4991303041039785,30,n.s.
Segment,19,2310,11,8,10,0.9606782106782107,0.960894660894661,0.00021645021645021097,0.0018458706697641635,0.8984750484423337,30,n.s.
Segment,19,2310,11,8,25,0.9643578643578644,0.9619047619047618,-0.0024531024531024553,0.001375580135563762,0.007996647741756242,30,n.s.
Segment,19,2310,11,8,50,0.9654401154401153,0.9624819624819625,-0.0029581529581529744,0.0013413153098597926,0.0002650771247053397,30,---
Segment,19,2310,11,8,100,0.9656565656565658,0.9627705627705628,-0.0028860028860028955,0.0011743805231842026,0.0001661007305099748,30,---
Waveform,40,5000,12,8,1,0.7734000000000001,0.7794666666666666,0.0060666666666666725,0.005588091092102911,0.03961326387758455,30,n.s.
Waveform,40,5000,12,8,5,0.8288666666666665,0.8324333333333335,0.0035666666666666663,0.0035208377703842015,0.05980019572964852,30,n.s.
Waveform,40,5000,12,8,10,0.8373333333333333,0.8391333333333332,0.0018000000000000054,0.003913686870399859,0.33029104678487486,30,n.s.
Waveform,40,5000,12,8,25,0.8422,0.8437333333333331,0.0015333333333333347,0.002700420219888876,0.2684720909637277,30,n.s.
Waveform,40,5000,12,8,50,0.8441666666666666,0.8451999999999998,0.0010333333333333342,0.001718694488062094,0.30348366402484217,30,n.s.
Waveform,40,5000,12,8,100,0.8448333333333332,0.8465333333333335,0.0017000000000000014,0.001919364981194168,0.15509218223147403,30,n.s.
SatImage,36,6430,12,8,1,0.8319854847071022,0.8349922239502334,0.003006739243131155,0.008209750795903342,0.25482046023542504,30,n.s.
SatImage,36,6430,12,8,5,0.8822965266977707,0.8850440642820114,0.002747537584240541,0.0024474582214444557,0.03582909588338904,30,n.s.
SatImage,36,6430,12,8,10,0.8903317781233799,0.8915241057542768,0.0011923276308968426,0.002210129528055743,0.2095359087227162,30,n.s.
SatImage,36,6430,12,8,25,0.8940124416796267,0.8944530844997408,0.0004406428201140418,0.001672264038326328,0.6033989671212141,30,n.s.
SatImage,36,6430,12,8,50,0.8960860549507516,0.8965007776049766,0.0004147226542250045,0.001336964745418117,0.7667232437706986,30,n.s.
SatImage,36,6430,12,8,100,0.8966562986003109,0.8980041472265422,0.0013478486262312147,0.0016774450815312972,0.10146723028318637,30,n.s.
Pendigits,16,10992,13,8,1,0.9596331665908748,0.9678338638775201,0.008200697286645416,0.0031039687567333786,8.891930202787955e-05,30,+++
Pendigits,16,10992,13,8,5,0.987130513869941,0.988631195998181,0.0015006821282400977,0.0007101641377742946,0.0008238134872524367,30,+++
Pendigits,16,10992,13,8,10,0.9888888888888888,0.9896164923450054,0.0007276034561164286,0.0006925219996758994,0.07471006310186426,30,n.s.
Pendigits,16,10992,13,8,25,0.9895558587236624,0.9898893436410489,0.00033348491738669124,0.0005387579720672646,0.20698871881485814,30,n.s.
Pendigits,16,10992,13,8,50,0.9895861755343337,0.9902986205851144,0.0007124450507806561,0.00045964401601950397,0.00994242202747441,30,n.s.
Pendigits,16,10992,13,8,100,0.9898135516143701,0.9903440958011219,0.000530544186751573,0.0003776290412231354,0.008926452250687288,30,n.s.
EEG Eye State,14,14980,13,8,1,0.6996328437917224,0.7393969737427679,0.039764129951045835,0.005777253896729197,1.7333066441991056e-06,30,+++
EEG Eye State,14,14980,13,8,5,0.810280373831776,0.8422229639519361,0.03194259012016022,0.0038253494344162794,1.7278603148724105e-06,30,+++
EEG Eye State,14,14980,13,8,10,0.8452714730752113,0.8716399643969736,0.02636849132176235,0.002619077339786307,1.862645149230957e-09,30,+++
EEG Eye State,14,14980,13,8,25,0.878638184245661,0.8967400979083224,0.018101913662661326,0.002160138999700572,1.7311263949197288e-06,30,+++
EEG Eye State,14,14980,13,8,50,0.8937138406764575,0.9064419225634179,0.012728081886960386,0.0016756230576403775,1.7300371292901247e-06,30,+++
EEG Eye State,14,14980,13,8,100,0.902202937249666,0.9123052959501555,0.010102358700489544,0.0014815384602711239,1.7278603148724105e-06,30,+++
Magic Gamma,10,19020,14,8,1,0.765168243953733,0.7809323519102699,0.01576410795653698,0.0042042529061302415,4.961412273209211e-06,30,+++
Magic Gamma,10,19020,14,8,5,0.8268927444794952,0.8340781633368385,0.007185418857343158,0.0023606849590871453,5.299738640099806e-05,30,+++
Magic Gamma,10,19020,14,8,10,0.840615141955836,0.8459603925692253,0.005345250613389404,0.0020829813105981703,0.00015995061335958647,30,+++
Magic Gamma,10,19020,14,8,25,0.8529968454258674,0.8557395723799509,0.0027427269540834113,0.0018542451448857993,0.007688166227689424,30,n.s.
Magic Gamma,10,19020,14,8,50,0.8579302488608483,0.8593322818086225,0.001402032947774264,0.0015934373723222731,0.07616021919594648,30,n.s.
Magic Gamma,10,19020,14,8,100,0.8612425516999649,0.8623028391167192,0.0010602874167542945,0.0016030125073594604,0.18789681012121207,30,n.s.
Letter Recognition,16,20000,14,8,1,0.8529250000000002,0.8760666666666665,0.02314166666666667,0.0038392391692192635,1.7300371292901247e-06,30,+++
Letter Recognition,16,20000,14,8,5,0.9314250000000001,0.9354999999999998,0.004075000000000007,0.0016933646809027055,0.00028181763004878936,30,+++
Letter Recognition,16,20000,14,8,10,0.9406083333333335,0.9423250000000001,0.0017166666666666626,0.0011830503854694408,0.010365306744685193,30,n.s.
Letter Recognition,16,20000,14,8,25,0.9449833333333333,0.9464833333333335,0.001499999999999994,0.0009207613041990578,0.006639078210505763,30,n.s.
Letter Recognition,16,20000,14,8,50,0.94685,0.9477916666666668,0.0009416666666666629,0.0008802094425960513,0.04315134413703382,30,n.s.
Letter Recognition,16,20000,14,8,100,0.9480166666666668,0.949025,0.0010083333333333333,0.0007457107206733785,0.01101063408024943,30,n.s.
