dataset,system_a,system_b,iso_acc_levels_compared,iso_acc_wins_a,iso_acc_wins_b,iso_mem_levels_compared,iso_mem_wins_a,iso_mem_wins_b,feasible_acc_overlap_lo,feasible_acc_overlap_hi,feasible_mem_overlap_lo,feasible_mem_overlap_hi
Balance Scale,F4RM-WiSARD-dense,Random-WiSARD-dense,101,40,45,50,25,18,0.2304,0.9008,237.0,17512.0
Balance Scale,F4RM-WiSARD-dense,Random-WiSARD-cuckoo,101,0,101,50,0,50,0.2304,0.9008,237.0,3686.4
Balance Scale,F4RM-WiSARD-dense,DT,101,101,0,49,49,0,0.45600000000000007,0.7792,1250.0,3791.4
Balance Scale,F4RM-WiSARD-dense,RF,101,101,0,0,0,0,0.8272,0.8656,58700.6,21644.0
Balance Scale,F4RM-WiSARD-dense,CatBoost,0,0,0,0,0,0,0.9173333333333334,0.9024000000000001,64560.0,21644.0
Balance Scale,F4RM-WiSARD-dense,XGBoost,101,101,0,0,0,0,0.8848,0.9024000000000001,490686.6,21644.0
Balance Scale,F4RM-WiSARD-dense,LightGBM,101,101,0,0,0,0,0.9008,0.9024000000000001,304656.2,21644.0
Balance Scale,F4RM-WiSARD-dense,MLP,101,99,2,50,42,8,0.7712,0.9024000000000001,1036.0,21644.0
Balance Scale,F4RM-WiSARD-dense,FT-Transformer,101,101,0,0,0,0,0.8506666666666667,0.9024000000000001,69548.0,21644.0
Balance Scale,F4RM-WiSARD-dense,TabPFN,0,0,0,0,0,0,0.2304,0.9024000000000001,237.0,0.0
Balance Scale,F4RM-WiSARD-cuckoo,Random-WiSARD-dense,101,101,0,50,50,0,0.2304,0.9008,233.0,4556.2
Balance Scale,F4RM-WiSARD-cuckoo,Random-WiSARD-cuckoo,101,40,45,50,13,28,0.2304,0.9008,49.4,3686.4
Balance Scale,F4RM-WiSARD-cuckoo,DT,101,101,0,49,49,0,0.45600000000000007,0.7792,1250.0,3791.4
Balance Scale,F4RM-WiSARD-cuckoo,RF,101,101,0,0,0,0,0.8272,0.8656,58700.6,4556.2
Balance Scale,F4RM-WiSARD-cuckoo,CatBoost,0,0,0,0,0,0,0.9173333333333334,0.9024000000000001,64560.0,4556.2
Balance Scale,F4RM-WiSARD-cuckoo,XGBoost,101,101,0,0,0,0,0.8848,0.9024000000000001,490686.6,4556.2
Balance Scale,F4RM-WiSARD-cuckoo,LightGBM,101,101,0,0,0,0,0.9008,0.9024000000000001,304656.2,4556.2
Balance Scale,F4RM-WiSARD-cuckoo,MLP,101,101,0,50,50,0,0.7712,0.9024000000000001,1036.0,4556.2
Balance Scale,F4RM-WiSARD-cuckoo,FT-Transformer,101,101,0,0,0,0,0.8506666666666667,0.9024000000000001,69548.0,4556.2
Balance Scale,F4RM-WiSARD-cuckoo,TabPFN,0,0,0,0,0,0,0.2304,0.9024000000000001,49.4,0.0
Balance Scale,F4RMS,Random-WiSARD-dense,101,0,101,50,0,50,0.7183999999999999,0.9008,2914.0,17512.0
Balance Scale,F4RMS,Random-WiSARD-cuckoo,101,0,101,50,0,50,0.7183999999999999,0.9008,2914.0,3686.4
Balance Scale,F4RMS,DT,101,0,101,50,0,50,0.7183999999999999,0.7792,2914.0,3791.4
Balance Scale,F4RMS,RF,101,101,0,50,50,0,0.8272,0.8656,58700.6,303832.4
Balance Scale,F4RMS,CatBoost,0,0,0,0,0,0,0.9173333333333334,0.9072000000000001,64560.0,64560.0
Balance Scale,F4RMS,XGBoost,101,101,0,0,0,0,0.8848,0.9040000000000001,490686.6,412513.0
Balance Scale,F4RMS,LightGBM,101,101,0,49,49,0,0.9008,0.9040000000000001,304656.2,306372.2
Balance Scale,F4RMS,MLP,101,31,70,50,39,11,0.7712,0.9072000000000001,2914.0,412513.0
Balance Scale,F4RMS,FT-Transformer,101,99,2,50,49,1,0.8506666666666667,0.9066666666666667,69548.0,270684.0
Balance Scale,F4RMS,TabPFN,0,0,0,0,0,0,0.7183999999999999,0.9072000000000001,2914.0,0.0
Banknote,F4RM-WiSARD-dense,Random-WiSARD-dense,101,21,46,50,24,5,0.5941818181818183,1.0,153.0,6736.0
Banknote,F4RM-WiSARD-dense,Random-WiSARD-cuckoo,101,0,101,50,0,50,0.5941818181818183,1.0,153.0,2720.0
Banknote,F4RM-WiSARD-dense,DT,101,101,0,50,50,0,0.8378181818181817,0.9854545454545456,1398.0,4415.0
Banknote,F4RM-WiSARD-dense,RF,101,101,0,0,0,0,0.9883636363636363,0.997090909090909,33119.0,6736.0
Banknote,F4RM-WiSARD-dense,CatBoost,101,101,0,0,0,0,0.9963636363636365,0.9975757575757576,40288.0,6736.0
Banknote,F4RM-WiSARD-dense,XGBoost,101,101,0,0,0,0,0.9978181818181817,0.9978181818181818,77586.6,6736.0
Banknote,F4RM-WiSARD-dense,LightGBM,101,101,0,0,0,0,0.9767272727272728,0.9978181818181818,115313.0,6736.0
Banknote,F4RM-WiSARD-dense,MLP,101,101,0,50,50,0,0.7258181818181819,0.9905454545454546,772.0,6736.0
Banknote,F4RM-WiSARD-dense,FT-Transformer,101,101,0,0,0,0,0.9672727272727273,0.9987878787878787,69416.0,6736.0
Banknote,F4RM-WiSARD-dense,TabPFN,0,0,0,0,0,0,0.5941818181818183,1.0,153.0,0.0
Banknote,F4RM-WiSARD-cuckoo,Random-WiSARD-dense,101,101,0,50,50,0,0.5941818181818183,1.0,150.0,1417.4
Banknote,F4RM-WiSARD-cuckoo,Random-WiSARD-cuckoo,101,21,46,50,14,0,0.5941818181818183,1.0,31.6,1417.4
Banknote,F4RM-WiSARD-cuckoo,DT,101,101,0,50,50,0,0.8378181818181817,0.9854545454545456,1398.0,1417.4
Banknote,F4RM-WiSARD-cuckoo,RF,101,101,0,0,0,0,0.9883636363636363,0.997090909090909,33119.0,1417.4
Banknote,F4RM-WiSARD-cuckoo,CatBoost,101,101,0,0,0,0,0.9963636363636365,0.9975757575757576,40288.0,1417.4
Banknote,F4RM-WiSARD-cuckoo,XGBoost,101,101,0,0,0,0,0.9978181818181817,0.9978181818181818,77586.6,1417.4
Banknote,F4RM-WiSARD-cuckoo,LightGBM,101,101,0,0,0,0,0.9767272727272728,0.9978181818181818,115313.0,1417.4
Banknote,F4RM-WiSARD-cuckoo,MLP,101,101,0,50,50,0,0.7258181818181819,0.9905454545454546,772.0,1417.4
Banknote,F4RM-WiSARD-cuckoo,FT-Transformer,101,101,0,0,0,0,0.9672727272727273,0.9987878787878787,69416.0,1417.4
Banknote,F4RM-WiSARD-cuckoo,TabPFN,0,0,0,0,0,0,0.5941818181818183,1.0,31.6,0.0
Banknote,F4RMS,Random-WiSARD-dense,101,0,101,50,0,43,0.9418181818181818,1.0,1911.0,12923.0
Banknote,F4RMS,Random-WiSARD-cuckoo,101,0,101,50,0,50,0.9418181818181818,1.0,1911.0,2720.0
Banknote,F4RMS,DT,101,32,69,50,37,13,0.9418181818181818,0.9854545454545456,1911.0,4415.0
Banknote,F4RMS,RF,101,101,0,0,0,0,0.9883636363636363,0.997090909090909,33119.0,14816.0
Banknote,F4RMS,CatBoost,101,101,0,0,0,0,0.9963636363636365,0.9975757575757576,40288.0,14816.0
Banknote,F4RMS,XGBoost,101,101,0,0,0,0,0.9978181818181817,0.9978181818181818,77586.6,14816.0
Banknote,F4RMS,LightGBM,101,101,0,0,0,0,0.9767272727272728,0.9978181818181818,115313.0,14816.0
Banknote,F4RMS,MLP,101,101,0,50,50,0,0.9418181818181818,0.9905454545454546,1911.0,14816.0
Banknote,F4RMS,FT-Transformer,101,101,0,0,0,0,0.9672727272727273,0.9987878787878787,69416.0,14816.0
Banknote,F4RMS,TabPFN,0,0,0,0,0,0,0.9418181818181818,1.0,1911.0,0.0
Breast Cancer,F4RM-WiSARD-dense,Random-WiSARD-dense,101,12,89,50,32,18,0.9017543859649123,0.9614035087719298,1157.0,86208.0
Breast Cancer,F4RM-WiSARD-dense,Random-WiSARD-cuckoo,101,3,98,50,5,33,0.9017543859649123,0.9614035087719298,1157.0,18148.8
Breast Cancer,F4RM-WiSARD-dense,DT,101,42,59,50,18,32,0.9017543859649122,0.9438596491228071,1559.0,2653.4
Breast Cancer,F4RM-WiSARD-dense,RF,101,101,0,50,50,0,0.9491228070175438,0.9631578947368421,18519.0,88474.0
Breast Cancer,F4RM-WiSARD-dense,CatBoost,0,0,0,0,0,0,0.9754385964912281,0.9631578947368421,40836.8,40836.8
Breast Cancer,F4RM-WiSARD-dense,XGBoost,101,0,101,49,0,49,0.9631578947368421,0.9631578947368421,66483.0,88474.0
Breast Cancer,F4RM-WiSARD-dense,LightGBM,101,101,0,49,49,0,0.9578947368421054,0.9631578947368421,75446.6,88474.0
Breast Cancer,F4RM-WiSARD-dense,MLP,101,101,0,50,50,0,0.9175438596491228,0.9491228070175438,4100.0,88474.0
Breast Cancer,F4RM-WiSARD-dense,FT-Transformer,101,101,0,49,49,0,0.8649122807017544,0.9415204678362573,76072.0,88474.0
Breast Cancer,F4RM-WiSARD-dense,TabPFN,0,0,0,0,0,0,0.8649122807017544,0.9631578947368421,1157.0,0.0
Breast Cancer,F4RM-WiSARD-cuckoo,Random-WiSARD-dense,101,101,0,50,50,0,0.9017543859649123,0.9614035087719298,1140.0,18625.8
Breast Cancer,F4RM-WiSARD-cuckoo,Random-WiSARD-cuckoo,101,12,89,50,43,6,0.9017543859649123,0.9614035087719298,243.4,18148.8
Breast Cancer,F4RM-WiSARD-cuckoo,DT,101,101,0,50,50,0,0.9017543859649122,0.9438596491228071,1559.0,2653.4
Breast Cancer,F4RM-WiSARD-cuckoo,RF,101,101,0,50,50,0,0.9491228070175438,0.9631578947368421,18519.0,18625.8
Breast Cancer,F4RM-WiSARD-cuckoo,CatBoost,0,0,0,0,0,0,0.9754385964912281,0.9631578947368421,40836.8,18625.8
Breast Cancer,F4RM-WiSARD-cuckoo,XGBoost,101,101,0,0,0,0,0.9631578947368421,0.9631578947368421,66483.0,18625.8
Breast Cancer,F4RM-WiSARD-cuckoo,LightGBM,101,101,0,0,0,0,0.9578947368421054,0.9631578947368421,75446.6,18625.8
Breast Cancer,F4RM-WiSARD-cuckoo,MLP,101,101,0,50,50,0,0.9175438596491228,0.9491228070175438,4100.0,18625.8
Breast Cancer,F4RM-WiSARD-cuckoo,FT-Transformer,101,101,0,0,0,0,0.8649122807017544,0.9415204678362573,76072.0,18625.8
Breast Cancer,F4RM-WiSARD-cuckoo,TabPFN,0,0,0,0,0,0,0.8649122807017544,0.9631578947368421,243.4,0.0
Breast Cancer,F4RMS,Random-WiSARD-dense,101,40,61,50,23,19,0.9526315789473685,0.9614035087719298,15949.0,86208.0
Breast Cancer,F4RMS,Random-WiSARD-cuckoo,101,0,101,50,0,50,0.9526315789473685,0.9614035087719298,15949.0,18148.8
Breast Cancer,F4RMS,DT,0,0,0,0,0,0,0.9526315789473685,0.9438596491228071,15949.0,2653.4
Breast Cancer,F4RMS,RF,101,34,67,50,40,9,0.9526315789473685,0.9631578947368421,18519.0,309058.8
Breast Cancer,F4RMS,CatBoost,0,0,0,0,0,0,0.9754385964912281,0.9666666666666666,40836.8,40836.8
Breast Cancer,F4RMS,XGBoost,101,0,101,49,0,49,0.9631578947368421,0.9666666666666666,66483.0,249884.0
Breast Cancer,F4RMS,LightGBM,101,20,81,49,4,45,0.9578947368421054,0.9666666666666666,75446.6,549346.4
Breast Cancer,F4RMS,MLP,0,0,0,50,50,0,0.9526315789473685,0.9491228070175438,15949.0,578436.0
Breast Cancer,F4RMS,FT-Transformer,0,0,0,49,49,0,0.9526315789473685,0.9415204678362573,76072.0,283736.0
Breast Cancer,F4RMS,TabPFN,0,0,0,0,0,0,0.9526315789473685,0.9666666666666666,15949.0,0.0
EEG Eye State,F4RM-WiSARD-dense,Random-WiSARD-dense,101,69,32,50,32,17,0.5510680907877169,0.9371161548731642,560.0,3442565.0
EEG Eye State,F4RM-WiSARD-dense,Random-WiSARD-cuckoo,101,0,101,50,0,50,0.5510680907877169,0.9371161548731642,560.0,724750.2
EEG Eye State,F4RM-WiSARD-dense,DT,101,1,100,50,4,46,0.5510680907877169,0.8411882510013351,1238.0,167339.0
EEG Eye State,F4RM-WiSARD-dense,CatBoost,101,33,68,49,17,32,0.8093012906097018,0.9427236315086782,40874.666666666664,2112482.6666666665
EEG Eye State,F4RM-WiSARD-dense,FT-Transformer,101,101,0,49,49,0,0.5511793502447707,0.5512906097018245,71976.0,409344.0
EEG Eye State,F4RM-WiSARD-dense,TabPFN,0,0,0,0,0,0,0.5510680907877169,0.9427236315086782,560.0,0.0
EEG Eye State,F4RM-WiSARD-cuckoo,Random-WiSARD-dense,101,101,0,50,50,0,0.5510680907877169,0.9371161548731642,556.0,756942.6
EEG Eye State,F4RM-WiSARD-cuckoo,Random-WiSARD-cuckoo,101,69,32,50,37,13,0.5510680907877169,0.9371161548731642,117.0,724750.2
EEG Eye State,F4RM-WiSARD-cuckoo,DT,101,43,58,50,32,18,0.5510680907877169,0.8411882510013351,1238.0,167339.0
EEG Eye State,F4RM-WiSARD-cuckoo,CatBoost,101,101,0,49,49,0,0.8093012906097018,0.9427236315086782,40874.666666666664,756942.6
EEG Eye State,F4RM-WiSARD-cuckoo,FT-Transformer,101,101,0,49,49,0,0.5511793502447707,0.5512906097018245,71976.0,409344.0
EEG Eye State,F4RM-WiSARD-cuckoo,TabPFN,0,0,0,0,0,0,0.5510680907877169,0.9427236315086782,117.0,0.0
EEG Eye State,F4RMS,Random-WiSARD-dense,101,4,97,50,6,44,0.7935024477080551,0.9371161548731642,297738.3333333333,3442565.0
EEG Eye State,F4RMS,Random-WiSARD-cuckoo,101,0,101,50,0,50,0.7935024477080551,0.9371161548731642,297738.3333333333,724750.2
EEG Eye State,F4RMS,DT,101,0,101,0,0,0,0.7935024477080551,0.8411882510013351,297738.3333333333,167339.0
EEG Eye State,F4RMS,CatBoost,101,0,101,50,0,50,0.8093012906097018,0.9491544281263907,297738.3333333333,2112482.6666666665
EEG Eye State,F4RMS,FT-Transformer,0,0,0,50,50,0,0.7935024477080551,0.5512906097018245,297738.3333333333,409344.0
EEG Eye State,F4RMS,TabPFN,0,0,0,0,0,0,0.7935024477080551,0.9491544281263907,297738.3333333333,0.0
Ecoli,F4RM-WiSARD-dense,Random-WiSARD-dense,101,42,59,50,32,18,0.7705882352941177,0.8705882352941176,554.0,6697.0
Ecoli,F4RM-WiSARD-dense,Random-WiSARD-cuckoo,101,0,101,50,0,50,0.7705882352941177,0.8705882352941176,533.0,1409.4
Ecoli,F4RM-WiSARD-dense,DT,101,101,0,50,50,0,0.7588235294117647,0.8352941176470589,1892.0,3377.8
Ecoli,F4RM-WiSARD-dense,RF,101,101,0,50,50,0,0.8352941176470589,0.8705882352941176,44010.2,57413.0
Ecoli,F4RM-WiSARD-dense,CatBoost,0,0,0,0,0,0,0.8705882352941178,0.8705882352941176,128564.8,57413.0
Ecoli,F4RM-WiSARD-dense,XGBoost,101,101,0,0,0,0,0.8470588235294118,0.8617647058823529,525955.8,57413.0
Ecoli,F4RM-WiSARD-dense,LightGBM,101,101,0,0,0,0,0.8235294117647058,0.8529411764705882,448657.2,57413.0
Ecoli,F4RM-WiSARD-dense,MLP,101,101,0,50,50,0,0.7588235294117647,0.8029411764705883,2080.0,57413.0
Ecoli,F4RM-WiSARD-dense,FT-Transformer,0,0,0,0,0,0,0.7588235294117647,0.573529411764706,70976.0,57413.0
Ecoli,F4RM-WiSARD-dense,TabPFN,0,0,0,0,0,0,0.7588235294117647,0.8705882352941176,533.0,0.0
Ecoli,F4RM-WiSARD-cuckoo,Random-WiSARD-dense,101,98,3,50,49,1,0.7705882352941177,0.8705882352941176,554.0,6697.0
Ecoli,F4RM-WiSARD-cuckoo,Random-WiSARD-cuckoo,101,42,59,50,50,0,0.7705882352941177,0.8705882352941176,116.2,1409.4
Ecoli,F4RM-WiSARD-cuckoo,DT,101,101,0,50,50,0,0.7588235294117647,0.8352941176470589,1892.0,3377.8
Ecoli,F4RM-WiSARD-cuckoo,RF,101,101,0,0,0,0,0.8352941176470589,0.8705882352941176,44010.2,12086.8
Ecoli,F4RM-WiSARD-cuckoo,CatBoost,0,0,0,0,0,0,0.8705882352941178,0.8705882352941176,128564.8,12086.8
Ecoli,F4RM-WiSARD-cuckoo,XGBoost,101,101,0,0,0,0,0.8470588235294118,0.8617647058823529,525955.8,12086.8
Ecoli,F4RM-WiSARD-cuckoo,LightGBM,101,101,0,0,0,0,0.8235294117647058,0.8529411764705882,448657.2,12086.8
Ecoli,F4RM-WiSARD-cuckoo,MLP,101,101,0,50,50,0,0.7588235294117647,0.8029411764705883,2080.0,12086.8
Ecoli,F4RM-WiSARD-cuckoo,FT-Transformer,0,0,0,0,0,0,0.7588235294117647,0.573529411764706,70976.0,12086.8
Ecoli,F4RM-WiSARD-cuckoo,TabPFN,0,0,0,0,0,0,0.7588235294117647,0.8705882352941176,111.6,0.0
Ecoli,F4RMS,Random-WiSARD-dense,101,0,101,49,0,49,0.8235294117647058,0.8705882352941178,4929.0,6697.0
Ecoli,F4RMS,Random-WiSARD-cuckoo,101,0,101,0,0,0,0.8235294117647058,0.8705882352941178,4929.0,1409.4
Ecoli,F4RMS,DT,101,0,101,0,0,0,0.8235294117647058,0.8352941176470589,4929.0,3377.8
Ecoli,F4RMS,RF,101,101,0,50,50,0,0.8352941176470589,0.876470588235294,44010.2,359190.0
Ecoli,F4RMS,CatBoost,101,0,101,50,0,50,0.8705882352941178,0.876470588235294,128564.8,359190.0
Ecoli,F4RMS,XGBoost,101,101,0,0,0,0,0.8470588235294118,0.8617647058823529,525955.8,359190.0
Ecoli,F4RMS,LightGBM,101,101,0,0,0,0,0.8235294117647058,0.8529411764705882,448657.2,359190.0
Ecoli,F4RMS,MLP,0,0,0,49,49,0,0.8235294117647058,0.8029411764705883,4929.0,359190.0
Ecoli,F4RMS,FT-Transformer,0,0,0,50,50,0,0.8235294117647058,0.573529411764706,70976.0,359190.0
Ecoli,F4RMS,TabPFN,0,0,0,0,0,0,0.8235294117647058,0.876470588235294,4929.0,0.0
Glass,F4RM-WiSARD-dense,Random-WiSARD-dense,101,38,63,50,22,23,0.5813953488372092,0.7534883720930232,835.0,33256.0
Glass,F4RM-WiSARD-dense,Random-WiSARD-cuckoo,101,0,101,50,0,50,0.5813953488372092,0.7534883720930232,835.0,7522.4
Glass,F4RM-WiSARD-dense,DT,101,101,0,50,50,0,0.5813953488372092,0.7162790697674418,1970.0,6684.0
Glass,F4RM-WiSARD-dense,RF,101,101,0,0,0,0,0.7488372093023256,0.7534883720930232,36196.0,33256.0
Glass,F4RM-WiSARD-dense,CatBoost,0,0,0,0,0,0,0.7751937984496123,0.7534883720930232,104328.0,33256.0
Glass,F4RM-WiSARD-dense,XGBoost,0,0,0,0,0,0,0.7581395348837209,0.7534883720930232,404410.6,33256.0
Glass,F4RM-WiSARD-dense,LightGBM,101,101,0,0,0,0,0.7023255813953487,0.7534883720930232,335489.0,33256.0
Glass,F4RM-WiSARD-dense,MLP,0,0,0,49,49,0,0.5813953488372092,0.46976744186046504,2072.0,33256.0
Glass,F4RM-WiSARD-dense,FT-Transformer,0,0,0,0,0,0,0.5813953488372092,0.3953488372093023,71224.0,33256.0
Glass,F4RM-WiSARD-dense,TabPFN,0,0,0,0,0,0,0.5813953488372092,0.7534883720930232,835.0,0.0
Glass,F4RM-WiSARD-cuckoo,Random-WiSARD-dense,101,101,0,50,50,0,0.5813953488372092,0.7534883720930232,829.0,7000.8
Glass,F4RM-WiSARD-cuckoo,Random-WiSARD-cuckoo,101,38,63,50,10,33,0.5813953488372092,0.7534883720930232,175.2,7000.8
Glass,F4RM-WiSARD-cuckoo,DT,101,101,0,50,50,0,0.5813953488372092,0.7162790697674418,1970.0,6684.0
Glass,F4RM-WiSARD-cuckoo,RF,101,101,0,0,0,0,0.7488372093023256,0.7534883720930232,36196.0,7000.8
Glass,F4RM-WiSARD-cuckoo,CatBoost,0,0,0,0,0,0,0.7751937984496123,0.7534883720930232,104328.0,7000.8
Glass,F4RM-WiSARD-cuckoo,XGBoost,0,0,0,0,0,0,0.7581395348837209,0.7534883720930232,404410.6,7000.8
Glass,F4RM-WiSARD-cuckoo,LightGBM,101,101,0,0,0,0,0.7023255813953487,0.7534883720930232,335489.0,7000.8
Glass,F4RM-WiSARD-cuckoo,MLP,0,0,0,49,49,0,0.5813953488372092,0.46976744186046504,2072.0,7000.8
Glass,F4RM-WiSARD-cuckoo,FT-Transformer,0,0,0,0,0,0,0.5813953488372092,0.3953488372093023,71224.0,7000.8
Glass,F4RM-WiSARD-cuckoo,TabPFN,0,0,0,0,0,0,0.5813953488372092,0.7534883720930232,175.2,0.0
Glass,F4RMS,Random-WiSARD-dense,101,0,101,49,0,49,0.5767441860465116,0.7674418604651163,8003.0,35734.0
Glass,F4RMS,Random-WiSARD-cuckoo,101,0,101,0,0,0,0.5767441860465116,0.7674418604651163,8003.0,7522.4
Glass,F4RMS,DT,101,0,101,0,0,0,0.5767441860465116,0.7162790697674418,8003.0,6684.0
Glass,F4RMS,RF,101,26,75,50,4,35,0.7488372093023256,0.7674418604651163,36196.0,340677.0
Glass,F4RMS,CatBoost,0,0,0,50,0,50,0.7751937984496123,0.7674418604651163,104328.0,104486.4
Glass,F4RMS,XGBoost,101,101,0,0,0,0,0.7581395348837209,0.7674418604651163,404410.6,340677.0
Glass,F4RMS,LightGBM,101,101,0,50,50,0,0.7023255813953487,0.7674418604651163,335489.0,340677.0
Glass,F4RMS,MLP,0,0,0,49,49,0,0.5767441860465116,0.46976744186046504,8003.0,340677.0
Glass,F4RMS,FT-Transformer,0,0,0,50,50,0,0.5767441860465116,0.3953488372093023,71224.0,340677.0
Glass,F4RMS,TabPFN,0,0,0,0,0,0,0.5767441860465116,0.7674418604651163,8003.0,0.0
Haberman,F4RM-WiSARD-dense,Random-WiSARD-dense,101,50,51,50,50,0,0.7419354838709677,0.7483870967741936,120.0,1072.0
Haberman,F4RM-WiSARD-dense,Random-WiSARD-cuckoo,101,0,101,0,0,0,0.7419354838709677,0.7483870967741936,120.0,225.4
Haberman,F4RM-WiSARD-dense,DT,101,101,0,50,50,0,0.7419354838709677,0.7483870967741936,1238.0,1607.0
Haberman,F4RM-WiSARD-dense,RF,0,0,0,0,0,0,0.7419354838709677,0.7258064516129032,35016.0,1607.0
Haberman,F4RM-WiSARD-dense,CatBoost,0,0,0,0,0,0,0.7548387096774194,0.7483870967741936,39131.2,1607.0
Haberman,F4RM-WiSARD-dense,XGBoost,0,0,0,0,0,0,0.7419354838709677,0.732258064516129,131495.8,1607.0
Haberman,F4RM-WiSARD-dense,LightGBM,0,0,0,0,0,0,0.7419354838709677,0.7387096774193548,90323.8,1607.0
Haberman,F4RM-WiSARD-dense,MLP,101,101,0,50,50,0,0.7419354838709677,0.7419354838709677,644.0,1607.0
Haberman,F4RM-WiSARD-dense,FT-Transformer,101,101,0,0,0,0,0.7419354838709677,0.7473118279569894,69160.0,1607.0
Haberman,F4RM-WiSARD-dense,TabPFN,0,0,0,0,0,0,0.7419354838709677,0.7483870967741936,120.0,0.0
Haberman,F4RM-WiSARD-cuckoo,Random-WiSARD-dense,101,101,0,0,0,0,0.7419354838709677,0.7483870967741936,118.0,337.8
Haberman,F4RM-WiSARD-cuckoo,Random-WiSARD-cuckoo,101,50,51,0,0,0,0.7419354838709677,0.7483870967741936,25.0,225.4
Haberman,F4RM-WiSARD-cuckoo,DT,101,101,0,0,0,0,0.7419354838709677,0.7483870967741936,1238.0,337.8
Haberman,F4RM-WiSARD-cuckoo,RF,0,0,0,0,0,0,0.7419354838709677,0.7258064516129032,35016.0,337.8
Haberman,F4RM-WiSARD-cuckoo,CatBoost,0,0,0,0,0,0,0.7548387096774194,0.7483870967741936,39131.2,337.8
Haberman,F4RM-WiSARD-cuckoo,XGBoost,0,0,0,0,0,0,0.7419354838709677,0.732258064516129,131495.8,337.8
Haberman,F4RM-WiSARD-cuckoo,LightGBM,0,0,0,0,0,0,0.7419354838709677,0.7387096774193548,90323.8,337.8
Haberman,F4RM-WiSARD-cuckoo,MLP,101,101,0,0,0,0,0.7419354838709677,0.7419354838709677,644.0,337.8
Haberman,F4RM-WiSARD-cuckoo,FT-Transformer,101,101,0,0,0,0,0.7419354838709677,0.7473118279569894,69160.0,337.8
Haberman,F4RM-WiSARD-cuckoo,TabPFN,0,0,0,0,0,0,0.7419354838709677,0.7483870967741936,25.0,0.0
Haberman,F4RMS,Random-WiSARD-dense,0,0,0,0,0,0,0.7419354838709677,0.7419354838709676,1656.0,1072.0
Haberman,F4RMS,Random-WiSARD-cuckoo,0,0,0,0,0,0,0.7419354838709677,0.7419354838709676,1656.0,225.4
Haberman,F4RMS,DT,0,0,0,49,0,49,0.7419354838709677,0.7419354838709676,1656.0,2717.0
Haberman,F4RMS,RF,0,0,0,0,0,0,0.7387096774193548,0.7258064516129032,35016.0,3324.0
Haberman,F4RMS,CatBoost,0,0,0,0,0,0,0.7548387096774194,0.7419354838709676,39131.2,3324.0
Haberman,F4RMS,XGBoost,0,0,0,0,0,0,0.7387096774193548,0.732258064516129,131495.8,3324.0
Haberman,F4RMS,LightGBM,101,101,0,0,0,0,0.7387096774193548,0.7387096774193548,90323.8,3324.0
Haberman,F4RMS,MLP,101,101,0,49,49,0,0.7387096774193548,0.7419354838709676,1656.0,3324.0
Haberman,F4RMS,FT-Transformer,101,101,0,0,0,0,0.7419354838709676,0.7419354838709676,69160.0,3324.0
Haberman,F4RMS,TabPFN,0,0,0,0,0,0,0.7387096774193548,0.7419354838709676,1656.0,0.0
Ionosphere,F4RM-WiSARD-dense,Random-WiSARD-dense,101,13,88,50,26,24,0.38591549295774646,0.9492957746478872,1276.0,165478.0
Ionosphere,F4RM-WiSARD-dense,Random-WiSARD-cuckoo,101,0,101,50,0,50,0.38591549295774646,0.9492957746478872,1276.0,34837.2
Ionosphere,F4RM-WiSARD-dense,DT,101,0,101,49,0,49,0.8676056338028169,0.9014084507042254,1528.4,1817.0
Ionosphere,F4RM-WiSARD-dense,RF,101,101,0,49,49,0,0.904225352112676,0.9380281690140844,19548.0,158972.0
Ionosphere,F4RM-WiSARD-dense,CatBoost,0,0,0,0,0,0,0.9530516431924884,0.9492957746478872,41229.333333333336,41229.333333333336
Ionosphere,F4RM-WiSARD-dense,XGBoost,101,100,1,49,43,6,0.943661971830986,0.9464788732394366,70085.4,350384.0
Ionosphere,F4RM-WiSARD-dense,LightGBM,101,86,15,50,40,1,0.9295774647887324,0.9492957746478872,79871.0,113756.0
Ionosphere,F4RM-WiSARD-dense,MLP,101,101,0,50,50,0,0.6676056338028169,0.9408450704225352,4612.0,350384.0
Ionosphere,F4RM-WiSARD-dense,FT-Transformer,101,101,0,50,50,0,0.647887323943662,0.7887323943661971,77096.0,350384.0
Ionosphere,F4RM-WiSARD-dense,TabPFN,0,0,0,0,0,0,0.352112676056338,0.9492957746478872,1276.0,0.0
Ionosphere,F4RM-WiSARD-cuckoo,Random-WiSARD-dense,101,101,0,50,50,0,0.38591549295774646,0.9492957746478872,1264.0,73764.6
Ionosphere,F4RM-WiSARD-cuckoo,Random-WiSARD-cuckoo,101,13,88,50,31,19,0.38591549295774646,0.9492957746478872,268.2,34837.2
Ionosphere,F4RM-WiSARD-cuckoo,DT,101,92,9,49,25,24,0.8676056338028169,0.9014084507042254,1528.4,1817.0
Ionosphere,F4RM-WiSARD-cuckoo,RF,101,101,0,49,49,0,0.904225352112676,0.9380281690140844,19548.0,73764.6
Ionosphere,F4RM-WiSARD-cuckoo,CatBoost,0,0,0,0,0,0,0.9530516431924884,0.9492957746478872,41229.333333333336,41229.333333333336
Ionosphere,F4RM-WiSARD-cuckoo,XGBoost,101,101,0,49,49,0,0.943661971830986,0.9464788732394366,70085.4,73764.6
Ionosphere,F4RM-WiSARD-cuckoo,LightGBM,101,101,0,0,0,0,0.9295774647887324,0.9492957746478872,79871.0,73764.6
Ionosphere,F4RM-WiSARD-cuckoo,MLP,101,101,0,50,50,0,0.6676056338028169,0.9408450704225352,4612.0,73764.6
Ionosphere,F4RM-WiSARD-cuckoo,FT-Transformer,101,101,0,0,0,0,0.647887323943662,0.7887323943661971,77096.0,73764.6
Ionosphere,F4RM-WiSARD-cuckoo,TabPFN,0,0,0,0,0,0,0.352112676056338,0.9492957746478872,268.2,0.0
Ionosphere,F4RMS,Random-WiSARD-dense,101,5,96,49,6,33,0.7887323943661971,0.9492957746478874,19092.0,165478.0
Ionosphere,F4RMS,Random-WiSARD-cuckoo,101,0,101,49,0,49,0.7887323943661971,0.9492957746478874,19092.0,34837.2
Ionosphere,F4RMS,DT,101,0,101,0,0,0,0.8676056338028169,0.9014084507042254,19092.0,1817.0
Ionosphere,F4RMS,RF,101,50,51,49,35,14,0.904225352112676,0.9380281690140844,19548.0,158972.0
Ionosphere,F4RMS,CatBoost,0,0,0,0,0,0,0.9530516431924884,0.952112676056338,41229.333333333336,41229.333333333336
Ionosphere,F4RMS,XGBoost,101,100,1,49,33,16,0.943661971830986,0.9464788732394366,70085.4,317202.0
Ionosphere,F4RMS,LightGBM,101,72,29,50,40,10,0.9295774647887324,0.9492957746478874,79871.0,113756.0
Ionosphere,F4RMS,MLP,101,101,0,49,49,0,0.7887323943661971,0.9408450704225352,19092.0,317202.0
Ionosphere,F4RMS,FT-Transformer,101,101,0,50,50,0,0.7887323943661971,0.7887323943661971,77096.0,317202.0
Ionosphere,F4RMS,TabPFN,0,0,0,0,0,0,0.7887323943661971,0.952112676056338,19092.0,0.0
Iris,F4RM-WiSARD-dense,Random-WiSARD-dense,101,0,100,0,0,0,0.8666666666666668,0.9666666666666668,118.0,121.0
Iris,F4RM-WiSARD-dense,Random-WiSARD-cuckoo,101,0,101,0,0,0,0.8666666666666668,0.9666666666666668,118.0,25.2
Iris,F4RM-WiSARD-dense,DT,101,1,100,49,0,41,0.9466666666666667,0.9666666666666668,1846.0,2308.4
Iris,F4RM-WiSARD-dense,RF,101,101,0,0,0,0,0.9533333333333334,0.9666666666666668,11918.8,7751.0
Iris,F4RM-WiSARD-dense,CatBoost,101,101,0,0,0,0,0.9533333333333334,0.9555555555555556,64795.2,7751.0
Iris,F4RM-WiSARD-dense,XGBoost,101,101,0,0,0,0,0.9333333333333333,0.9533333333333335,165102.4,7751.0
Iris,F4RM-WiSARD-dense,LightGBM,101,101,0,0,0,0,0.9533333333333334,0.9533333333333334,128407.6,7751.0
Iris,F4RM-WiSARD-dense,MLP,101,101,0,50,50,0,0.8666666666666668,0.8799999999999999,1036.0,7751.0
Iris,F4RM-WiSARD-dense,FT-Transformer,101,101,0,0,0,0,0.8666666666666668,0.9,69548.0,7751.0
Iris,F4RM-WiSARD-dense,TabPFN,0,0,0,0,0,0,0.8666666666666668,0.9666666666666668,118.0,0.0
Iris,F4RM-WiSARD-cuckoo,Random-WiSARD-dense,101,80,21,0,0,0,0.8666666666666668,0.9666666666666668,118.0,121.0
Iris,F4RM-WiSARD-cuckoo,Random-WiSARD-cuckoo,101,0,100,0,0,0,0.8666666666666668,0.9666666666666668,24.6,25.2
Iris,F4RM-WiSARD-cuckoo,DT,101,101,0,0,0,0,0.9466666666666667,0.9666666666666668,1846.0,1631.2
Iris,F4RM-WiSARD-cuckoo,RF,101,101,0,0,0,0,0.9533333333333334,0.9666666666666668,11918.8,1631.2
Iris,F4RM-WiSARD-cuckoo,CatBoost,101,101,0,0,0,0,0.9533333333333334,0.9555555555555556,64795.2,1631.2
Iris,F4RM-WiSARD-cuckoo,XGBoost,101,101,0,0,0,0,0.9333333333333333,0.9533333333333335,165102.4,1631.2
Iris,F4RM-WiSARD-cuckoo,LightGBM,101,101,0,0,0,0,0.9533333333333334,0.9533333333333334,128407.6,1631.2
Iris,F4RM-WiSARD-cuckoo,MLP,101,101,0,50,50,0,0.8666666666666668,0.8799999999999999,1036.0,1631.2
Iris,F4RM-WiSARD-cuckoo,FT-Transformer,101,101,0,0,0,0,0.8666666666666668,0.9,69548.0,1631.2
Iris,F4RM-WiSARD-cuckoo,TabPFN,0,0,0,0,0,0,0.8666666666666668,0.9666666666666668,24.6,0.0
Iris,F4RMS,Random-WiSARD-dense,101,0,101,0,0,0,0.9199999999999999,0.9666666666666668,1359.0,121.0
Iris,F4RMS,Random-WiSARD-cuckoo,101,0,101,0,0,0,0.9199999999999999,0.9666666666666668,1359.0,25.2
Iris,F4RMS,DT,101,1,100,49,0,41,0.9466666666666667,0.9666666666666668,1846.0,2308.4
Iris,F4RMS,RF,101,101,0,49,49,0,0.9533333333333334,0.9666666666666668,11918.8,12961.0
Iris,F4RMS,CatBoost,101,101,0,0,0,0,0.9533333333333334,0.9555555555555556,64795.2,12961.0
Iris,F4RMS,XGBoost,101,101,0,0,0,0,0.9333333333333333,0.9533333333333335,165102.4,12961.0
Iris,F4RMS,LightGBM,101,101,0,0,0,0,0.9533333333333334,0.9533333333333334,128407.6,12961.0
Iris,F4RMS,MLP,0,0,0,50,50,0,0.9199999999999999,0.8799999999999999,1359.0,12961.0
Iris,F4RMS,FT-Transformer,0,0,0,0,0,0,0.9199999999999999,0.9,69548.0,12961.0
Iris,F4RMS,TabPFN,0,0,0,0,0,0,0.9199999999999999,0.9800000000000001,1359.0,0.0
Letter Recognition,F4RM-WiSARD-dense,Random-WiSARD-dense,101,24,77,49,39,10,0.09419999999999999,0.95335,7939.0,4384841.0
Letter Recognition,F4RM-WiSARD-dense,Random-WiSARD-cuckoo,101,0,101,49,0,49,0.09419999999999999,0.95335,7939.0,923124.0
Letter Recognition,F4RM-WiSARD-dense,CatBoost,101,101,0,50,50,0,0.8528333333333333,0.95335,360672.0,4683767.0
Letter Recognition,F4RM-WiSARD-dense,FT-Transformer,101,100,1,49,49,0,0.7179166666666666,0.8930833333333333,75656.0,416608.0
Letter Recognition,F4RM-WiSARD-dense,TabPFN,0,0,0,0,0,0,0.09419999999999999,0.95335,7939.0,0.0
Letter Recognition,F4RM-WiSARD-cuckoo,Random-WiSARD-dense,101,101,0,50,50,0,0.09419999999999999,0.95335,7898.0,986055.8
Letter Recognition,F4RM-WiSARD-cuckoo,Random-WiSARD-cuckoo,101,24,77,50,40,10,0.09419999999999999,0.95335,1670.8,923124.0
Letter Recognition,F4RM-WiSARD-cuckoo,CatBoost,101,101,0,50,50,0,0.8528333333333333,0.95335,360672.0,986055.8
Letter Recognition,F4RM-WiSARD-cuckoo,FT-Transformer,101,101,0,49,49,0,0.7179166666666666,0.8930833333333333,75656.0,416608.0
Letter Recognition,F4RM-WiSARD-cuckoo,TabPFN,0,0,0,0,0,0,0.09419999999999999,0.95335,1670.8,0.0
Letter Recognition,F4RMS,Random-WiSARD-dense,101,0,101,49,0,49,0.9327500000000001,0.9536,1551405.0,4384841.0
Letter Recognition,F4RMS,Random-WiSARD-cuckoo,101,0,101,0,0,0,0.9327500000000001,0.9536,1551405.0,923124.0
Letter Recognition,F4RMS,CatBoost,101,72,29,49,39,10,0.9327500000000001,0.9539166666666666,1551405.0,27700168.0
Letter Recognition,F4RMS,FT-Transformer,0,0,0,0,0,0,0.9327500000000001,0.8930833333333333,1551405.0,416608.0
Letter Recognition,F4RMS,TabPFN,0,0,0,0,0,0,0.9327500000000001,0.9539166666666666,1551405.0,0.0
Magic Gamma,F4RM-WiSARD-dense,Random-WiSARD-dense,101,49,52,50,28,22,0.64863301787592,0.8684016824395373,400.0,1582318.0
Magic Gamma,F4RM-WiSARD-dense,Random-WiSARD-cuckoo,101,0,101,50,0,50,0.64863301787592,0.8684016824395373,400.0,333119.0
Magic Gamma,F4RM-WiSARD-dense,DT,101,5,96,50,5,45,0.64863301787592,0.8442691903259727,1238.0,63936.8
Magic Gamma,F4RM-WiSARD-dense,CatBoost,101,0,101,49,0,49,0.8675955134945671,0.8691903259726604,40770.666666666664,2113229.3333333335
Magic Gamma,F4RM-WiSARD-dense,FT-Transformer,101,0,101,50,0,50,0.853925692253768,0.8643533123028391,70952.0,273496.0
Magic Gamma,F4RM-WiSARD-dense,TabPFN,0,0,0,0,0,0,0.64863301787592,0.8691903259726604,400.0,0.0
Magic Gamma,F4RM-WiSARD-cuckoo,Random-WiSARD-dense,101,101,0,50,50,0,0.64863301787592,0.8684016824395373,390.0,468652.0
Magic Gamma,F4RM-WiSARD-cuckoo,Random-WiSARD-cuckoo,101,49,52,50,25,25,0.64863301787592,0.8684016824395373,84.0,333119.0
Magic Gamma,F4RM-WiSARD-cuckoo,DT,101,53,48,50,15,35,0.64863301787592,0.8442691903259727,1238.0,63936.8
Magic Gamma,F4RM-WiSARD-cuckoo,CatBoost,101,0,101,49,0,49,0.8675955134945671,0.8691903259726604,40770.666666666664,468652.0
Magic Gamma,F4RM-WiSARD-cuckoo,FT-Transformer,101,101,0,50,50,0,0.853925692253768,0.8643533123028391,70952.0,273496.0
Magic Gamma,F4RM-WiSARD-cuckoo,TabPFN,0,0,0,0,0,0,0.64863301787592,0.8691903259726604,84.0,0.0
Magic Gamma,F4RMS,Random-WiSARD-dense,101,0,101,49,0,49,0.8394672274798457,0.8684016824395373,204711.66666666666,1582318.0
Magic Gamma,F4RMS,Random-WiSARD-cuckoo,101,0,101,49,0,49,0.8394672274798457,0.8684016824395373,204711.66666666666,333119.0
Magic Gamma,F4RMS,DT,101,0,101,0,0,0,0.8394672274798457,0.8442691903259727,204711.66666666666,63936.8
Magic Gamma,F4RMS,CatBoost,101,0,101,49,0,49,0.8675955134945671,0.8769716088328076,204711.66666666666,2113229.3333333335
Magic Gamma,F4RMS,FT-Transformer,101,0,101,49,0,49,0.853925692253768,0.8643533123028391,204711.66666666666,273496.0
Magic Gamma,F4RMS,TabPFN,0,0,0,0,0,0,0.8394672274798457,0.8769716088328076,204711.66666666666,0.0
Pendigits,F4RM-WiSARD-dense,Random-WiSARD-dense,101,15,86,50,45,5,0.344974988631196,0.9895407003183265,2775.0,1501999.0
Pendigits,F4RM-WiSARD-dense,Random-WiSARD-cuckoo,101,0,101,50,0,50,0.344974988631196,0.9895407003183265,2765.0,324562.6
Pendigits,F4RM-WiSARD-dense,DT,101,18,83,50,40,10,0.3292405638926785,0.9628922237380628,2765.0,76695.8
Pendigits,F4RM-WiSARD-dense,CatBoost,101,100,1,50,48,2,0.9777171441564346,0.9899045020463847,156533.33333333334,1501999.0
Pendigits,F4RM-WiSARD-dense,MLP,101,0,101,49,0,49,0.9738972260118237,0.9899045020463847,3496.0,727336.0
Pendigits,F4RM-WiSARD-dense,FT-Transformer,101,101,0,50,50,0,0.9410338032438986,0.9869637714112476,73544.0,412448.0
Pendigits,F4RM-WiSARD-dense,TabPFN,0,0,0,0,0,0,0.3292405638926785,0.9899045020463847,2765.0,0.0
Pendigits,F4RM-WiSARD-cuckoo,Random-WiSARD-dense,101,101,0,50,50,0,0.344974988631196,0.9895407003183265,2775.0,316209.8
Pendigits,F4RM-WiSARD-cuckoo,Random-WiSARD-cuckoo,101,15,86,50,46,4,0.344974988631196,0.9895407003183265,583.8,316209.8
Pendigits,F4RM-WiSARD-cuckoo,DT,101,101,0,49,49,0,0.3292405638926785,0.9628922237380628,1334.0,76695.8
Pendigits,F4RM-WiSARD-cuckoo,CatBoost,101,101,0,50,50,0,0.9777171441564346,0.9899045020463847,156533.33333333334,316209.8
Pendigits,F4RM-WiSARD-cuckoo,MLP,101,25,76,49,13,36,0.9738972260118237,0.9899045020463847,3496.0,316209.8
Pendigits,F4RM-WiSARD-cuckoo,FT-Transformer,101,101,0,50,50,0,0.9410338032438986,0.9869637714112476,73544.0,316209.8
Pendigits,F4RM-WiSARD-cuckoo,TabPFN,0,0,0,0,0,0,0.3292405638926785,0.9899045020463847,581.6,0.0
Pendigits,F4RMS,Random-WiSARD-dense,101,0,101,50,0,50,0.9865090192511747,0.989389116264969,434211.6666666667,1541674.0
Pendigits,F4RMS,Random-WiSARD-cuckoo,101,0,101,0,0,0,0.9865090192511747,0.989389116264969,434211.6666666667,324562.6
Pendigits,F4RMS,DT,0,0,0,0,0,0,0.9865090192511747,0.9628922237380628,434211.6666666667,76695.8
Pendigits,F4RMS,CatBoost,101,16,85,50,24,26,0.9865090192511747,0.989389116264969,434211.6666666667,11329128.0
Pendigits,F4RMS,MLP,101,0,101,50,0,50,0.9865090192511747,0.989389116264969,434211.6666666667,727336.0
Pendigits,F4RMS,FT-Transformer,101,0,101,0,0,0,0.9865090192511747,0.9869637714112476,434211.6666666667,412448.0
Pendigits,F4RMS,TabPFN,0,0,0,0,0,0,0.9865090192511747,0.989389116264969,434211.6666666667,0.0
Pima Diabetes,F4RM-WiSARD-dense,Random-WiSARD-dense,101,34,67,50,18,32,0.6493506493506493,0.7675324675324674,320.0,24753.0
Pima Diabetes,F4RM-WiSARD-dense,Random-WiSARD-cuckoo,101,0,101,50,0,50,0.6493506493506493,0.7675324675324674,320.0,5210.8
Pima Diabetes,F4RM-WiSARD-dense,DT,101,22,79,50,8,42,0.6493506493506493,0.7675324675324675,1351.0,2734.8
Pima Diabetes,F4RM-WiSARD-dense,RF,101,101,0,0,0,0,0.7571428571428571,0.7675324675324675,62235.0,44577.0
Pima Diabetes,F4RM-WiSARD-dense,CatBoost,101,0,101,0,0,0,0.7662337662337663,0.7662337662337663,40357.333333333336,40357.333333333336
Pima Diabetes,F4RM-WiSARD-dense,XGBoost,101,101,0,0,0,0,0.7480519480519481,0.7675324675324675,147251.0,44577.0
Pima Diabetes,F4RM-WiSARD-dense,LightGBM,0,0,0,0,0,0,0.7844155844155845,0.7675324675324675,158042.0,44577.0
Pima Diabetes,F4RM-WiSARD-dense,MLP,101,101,0,49,49,0,0.6493506493506493,0.7675324675324675,1284.0,44577.0
Pima Diabetes,F4RM-WiSARD-dense,FT-Transformer,101,101,0,0,0,0,0.6666666666666666,0.7575757575757577,70440.0,44577.0
Pima Diabetes,F4RM-WiSARD-dense,TabPFN,0,0,0,0,0,0,0.6493506493506493,0.7675324675324675,320.0,0.0
Pima Diabetes,F4RM-WiSARD-cuckoo,Random-WiSARD-dense,101,101,0,50,50,0,0.6493506493506493,0.7675324675324674,310.0,9384.2
Pima Diabetes,F4RM-WiSARD-cuckoo,Random-WiSARD-cuckoo,101,34,67,50,3,47,0.6493506493506493,0.7675324675324674,67.0,5210.8
Pima Diabetes,F4RM-WiSARD-cuckoo,DT,101,77,24,50,31,19,0.6493506493506493,0.7675324675324675,1351.0,2734.8
Pima Diabetes,F4RM-WiSARD-cuckoo,RF,101,101,0,0,0,0,0.7571428571428571,0.7675324675324675,62235.0,9384.2
Pima Diabetes,F4RM-WiSARD-cuckoo,CatBoost,101,101,0,0,0,0,0.7662337662337663,0.7662337662337663,40357.333333333336,9384.2
Pima Diabetes,F4RM-WiSARD-cuckoo,XGBoost,101,101,0,0,0,0,0.7480519480519481,0.7675324675324675,147251.0,9384.2
Pima Diabetes,F4RM-WiSARD-cuckoo,LightGBM,0,0,0,0,0,0,0.7844155844155845,0.7675324675324675,158042.0,9384.2
Pima Diabetes,F4RM-WiSARD-cuckoo,MLP,101,101,0,49,49,0,0.6493506493506493,0.7675324675324675,1284.0,9384.2
Pima Diabetes,F4RM-WiSARD-cuckoo,FT-Transformer,101,101,0,0,0,0,0.6666666666666666,0.7575757575757577,70440.0,9384.2
Pima Diabetes,F4RM-WiSARD-cuckoo,TabPFN,0,0,0,0,0,0,0.6493506493506493,0.7675324675324675,67.0,0.0
Pima Diabetes,F4RMS,Random-WiSARD-dense,101,0,101,50,0,50,0.6935064935064934,0.764935064935065,5830.0,24753.0
Pima Diabetes,F4RMS,Random-WiSARD-cuckoo,101,0,101,0,0,0,0.6935064935064934,0.764935064935065,5830.0,5210.8
Pima Diabetes,F4RMS,DT,101,0,101,0,0,0,0.6935064935064934,0.764935064935065,5830.0,2734.8
Pima Diabetes,F4RMS,RF,101,50,51,50,2,48,0.7571428571428571,0.764935064935065,62235.0,320999.0
Pima Diabetes,F4RMS,CatBoost,0,0,0,0,0,0,0.7662337662337663,0.764935064935065,40357.333333333336,40357.333333333336
Pima Diabetes,F4RMS,XGBoost,101,93,8,49,27,16,0.7480519480519481,0.764935064935065,147251.0,184317.8
Pima Diabetes,F4RMS,LightGBM,0,0,0,49,0,49,0.7844155844155845,0.764935064935065,158042.0,162131.6
Pima Diabetes,F4RMS,MLP,101,101,0,50,50,0,0.6935064935064934,0.764935064935065,5830.0,320999.0
Pima Diabetes,F4RMS,FT-Transformer,101,101,0,49,49,0,0.6935064935064934,0.7575757575757577,70440.0,320999.0
Pima Diabetes,F4RMS,TabPFN,0,0,0,0,0,0,0.6935064935064934,0.764935064935065,5830.0,0.0
SatImage,F4RM-WiSARD-dense,Random-WiSARD-dense,101,41,60,50,31,18,0.35769828926905134,0.9087091757387247,4114.0,2399496.0
SatImage,F4RM-WiSARD-dense,Random-WiSARD-cuckoo,101,0,101,49,0,49,0.35769828926905134,0.9087091757387247,4079.0,505156.6
SatImage,F4RM-WiSARD-dense,DT,101,0,101,49,0,49,0.6979782270606532,0.8682737169517883,4079.0,15384.2
SatImage,F4RM-WiSARD-dense,RF,101,101,0,49,49,0,0.8884914463452566,0.9122861586314152,207186.6,2716875.0
SatImage,F4RM-WiSARD-dense,CatBoost,101,69,32,49,17,32,0.8939865215137378,0.9122861586314152,105736.0,2716875.0
SatImage,F4RM-WiSARD-dense,MLP,101,50,51,49,33,16,0.8300155520995336,0.8953343701399689,5528.0,767256.0
SatImage,F4RM-WiSARD-dense,FT-Transformer,101,101,0,49,49,0,0.8499222395023329,0.8709175738724729,78136.0,287848.0
SatImage,F4RM-WiSARD-dense,TabPFN,0,0,0,0,0,0,0.3097978227060653,0.9122861586314152,4079.0,0.0
SatImage,F4RM-WiSARD-cuckoo,Random-WiSARD-dense,101,101,0,50,50,0,0.35769828926905134,0.9087091757387247,4114.0,571973.2
SatImage,F4RM-WiSARD-cuckoo,Random-WiSARD-cuckoo,101,41,60,50,30,19,0.35769828926905134,0.9087091757387247,865.6,505156.6
SatImage,F4RM-WiSARD-cuckoo,DT,101,35,66,49,32,17,0.6979782270606532,0.8682737169517883,1942.6,15384.2
SatImage,F4RM-WiSARD-cuckoo,RF,101,101,0,49,49,0,0.8884914463452566,0.9122861586314152,207186.6,571973.2
SatImage,F4RM-WiSARD-cuckoo,CatBoost,101,89,12,49,44,5,0.8939865215137378,0.9122861586314152,105736.0,571973.2
SatImage,F4RM-WiSARD-cuckoo,MLP,101,101,0,49,49,0,0.8300155520995336,0.8953343701399689,5528.0,571973.2
SatImage,F4RM-WiSARD-cuckoo,FT-Transformer,101,101,0,49,49,0,0.8499222395023329,0.8709175738724729,78136.0,287848.0
SatImage,F4RM-WiSARD-cuckoo,TabPFN,0,0,0,0,0,0,0.3097978227060653,0.9122861586314152,858.2,0.0
SatImage,F4RMS,Random-WiSARD-dense,101,18,83,49,26,23,0.8973561430793157,0.9087091757387247,618306.6666666666,2399496.0
SatImage,F4RMS,Random-WiSARD-cuckoo,101,0,101,0,0,0,0.8973561430793157,0.9087091757387247,618306.6666666666,505156.6
SatImage,F4RMS,DT,0,0,0,0,0,0,0.8973561430793157,0.8682737169517883,618306.6666666666,15384.2
SatImage,F4RMS,RF,101,43,58,49,33,16,0.8973561430793157,0.9161741835147744,618306.6666666666,4558346.2
SatImage,F4RMS,CatBoost,101,8,93,49,1,48,0.8973561430793157,0.9180922757905651,618306.6666666666,6909791.666666667
SatImage,F4RMS,MLP,0,0,0,49,49,0,0.8973561430793157,0.8953343701399689,618306.6666666666,767256.0
SatImage,F4RMS,FT-Transformer,0,0,0,0,0,0,0.8973561430793157,0.8709175738724729,618306.6666666666,287848.0
SatImage,F4RMS,TabPFN,0,0,0,0,0,0,0.8973561430793157,0.9180922757905651,618306.6666666666,0.0
Seeds,F4RM-WiSARD-dense,Random-WiSARD-dense,101,42,59,50,7,27,0.8571428571428571,0.9380952380952381,306.0,1620.0
Seeds,F4RM-WiSARD-dense,Random-WiSARD-cuckoo,101,0,101,0,0,0,0.8571428571428571,0.9380952380952381,306.0,340.8
Seeds,F4RM-WiSARD-dense,DT,101,82,19,50,39,11,0.8761904761904761,0.9285714285714285,1605.0,2347.2
Seeds,F4RM-WiSARD-dense,RF,101,101,0,0,0,0,0.8952380952380953,0.9285714285714285,14976.6,10320.0
Seeds,F4RM-WiSARD-dense,CatBoost,101,101,0,0,0,0,0.9238095238095237,0.9380952380952381,66094.4,10320.0
Seeds,F4RM-WiSARD-dense,XGBoost,101,101,0,0,0,0,0.9333333333333332,0.9380952380952381,169751.8,10320.0
Seeds,F4RM-WiSARD-dense,LightGBM,101,101,0,0,0,0,0.9285714285714285,0.9380952380952381,157467.2,10320.0
Seeds,F4RM-WiSARD-dense,MLP,101,101,0,49,49,0,0.8571428571428571,0.9238095238095237,1420.0,10320.0
Seeds,F4RM-WiSARD-dense,FT-Transformer,101,101,0,0,0,0,0.8571428571428571,0.9047619047619048,70316.0,10320.0
Seeds,F4RM-WiSARD-dense,TabPFN,0,0,0,0,0,0,0.8571428571428571,0.9380952380952381,306.0,0.0
Seeds,F4RM-WiSARD-cuckoo,Random-WiSARD-dense,101,89,12,50,50,0,0.8571428571428571,0.9380952380952381,294.0,1620.0
Seeds,F4RM-WiSARD-cuckoo,Random-WiSARD-cuckoo,101,42,59,0,0,0,0.8571428571428571,0.9380952380952381,64.2,340.8
Seeds,F4RM-WiSARD-cuckoo,DT,101,101,0,50,50,0,0.8761904761904761,0.9285714285714285,1605.0,2171.8
Seeds,F4RM-WiSARD-cuckoo,RF,101,101,0,0,0,0,0.8952380952380953,0.9285714285714285,14976.6,2171.8
Seeds,F4RM-WiSARD-cuckoo,CatBoost,101,101,0,0,0,0,0.9238095238095237,0.9380952380952381,66094.4,2171.8
Seeds,F4RM-WiSARD-cuckoo,XGBoost,101,101,0,0,0,0,0.9333333333333332,0.9380952380952381,169751.8,2171.8
Seeds,F4RM-WiSARD-cuckoo,LightGBM,101,101,0,0,0,0,0.9285714285714285,0.9380952380952381,157467.2,2171.8
Seeds,F4RM-WiSARD-cuckoo,MLP,101,101,0,49,49,0,0.8571428571428571,0.9238095238095237,1420.0,2171.8
Seeds,F4RM-WiSARD-cuckoo,FT-Transformer,101,101,0,0,0,0,0.8571428571428571,0.9047619047619048,70316.0,2171.8
Seeds,F4RM-WiSARD-cuckoo,TabPFN,0,0,0,0,0,0,0.8571428571428571,0.9380952380952381,64.2,0.0
Seeds,F4RMS,Random-WiSARD-dense,101,0,101,0,0,0,0.8761904761904763,0.9333333333333333,2850.0,1620.0
Seeds,F4RMS,Random-WiSARD-cuckoo,101,0,101,0,0,0,0.8761904761904763,0.9333333333333333,2850.0,340.8
Seeds,F4RMS,DT,101,0,101,0,0,0,0.8761904761904763,0.9285714285714285,2850.0,2347.2
Seeds,F4RMS,RF,101,101,0,49,49,0,0.8952380952380953,0.9285714285714285,14976.6,23040.0
Seeds,F4RMS,CatBoost,101,101,0,0,0,0,0.9238095238095237,0.9333333333333333,66094.4,23040.0
Seeds,F4RMS,XGBoost,101,101,0,0,0,0,0.9333333333333332,0.9333333333333333,169751.8,23040.0
Seeds,F4RMS,LightGBM,101,101,0,0,0,0,0.9285714285714285,0.9333333333333333,157467.2,23040.0
Seeds,F4RMS,MLP,101,101,0,50,50,0,0.8761904761904763,0.9238095238095237,2850.0,23040.0
Seeds,F4RMS,FT-Transformer,101,101,0,0,0,0,0.8761904761904763,0.9047619047619048,70316.0,23040.0
Seeds,F4RMS,TabPFN,0,0,0,0,0,0,0.8761904761904763,0.9333333333333333,2850.0,0.0
Segment,F4RM-WiSARD-dense,Random-WiSARD-dense,101,27,74,50,19,31,0.529004329004329,0.9662337662337663,1946.0,109331.0
Segment,F4RM-WiSARD-dense,Random-WiSARD-cuckoo,101,0,101,50,0,50,0.529004329004329,0.9662337662337663,1946.0,109331.0
Segment,F4RM-WiSARD-dense,DT,101,3,98,49,0,49,0.6645021645021645,0.9662337662337663,2440.0,14779.0
Segment,F4RM-WiSARD-dense,RF,101,101,0,50,50,0,0.9424242424242426,0.9662337662337663,56062.0,109331.0
Segment,F4RM-WiSARD-dense,CatBoost,0,0,0,0,0,0,0.9704184704184704,0.9662337662337663,118170.66666666667,109331.0
Segment,F4RM-WiSARD-dense,XGBoost,0,0,0,0,0,0,0.984848484848485,0.9662337662337663,520191.6,109331.0
Segment,F4RM-WiSARD-dense,MLP,101,100,1,49,42,7,0.8523809523809524,0.9584415584415584,3484.0,109331.0
Segment,F4RM-WiSARD-dense,FT-Transformer,101,101,0,49,49,0,0.8225108225108224,0.9235209235209235,73916.0,109331.0
Segment,F4RM-WiSARD-dense,TabPFN,0,0,0,0,0,0,0.529004329004329,0.9662337662337663,1946.0,0.0
Segment,F4RM-WiSARD-cuckoo,Random-WiSARD-dense,101,101,0,50,50,0,0.529004329004329,0.9662337662337663,1932.0,23016.6
Segment,F4RM-WiSARD-cuckoo,Random-WiSARD-cuckoo,101,27,74,50,14,36,0.529004329004329,0.9662337662337663,409.0,23016.6
Segment,F4RM-WiSARD-cuckoo,DT,101,98,3,49,29,17,0.6645021645021645,0.9662337662337663,2440.0,14779.0
Segment,F4RM-WiSARD-cuckoo,RF,101,101,0,0,0,0,0.9424242424242426,0.9662337662337663,56062.0,23016.6
Segment,F4RM-WiSARD-cuckoo,CatBoost,0,0,0,0,0,0,0.9704184704184704,0.9662337662337663,118170.66666666667,23016.6
Segment,F4RM-WiSARD-cuckoo,XGBoost,0,0,0,0,0,0,0.984848484848485,0.9662337662337663,520191.6,23016.6
Segment,F4RM-WiSARD-cuckoo,MLP,101,101,0,49,49,0,0.8523809523809524,0.9584415584415584,3484.0,23016.6
Segment,F4RM-WiSARD-cuckoo,FT-Transformer,101,101,0,0,0,0,0.8225108225108224,0.9235209235209235,73916.0,23016.6
Segment,F4RM-WiSARD-cuckoo,TabPFN,0,0,0,0,0,0,0.529004329004329,0.9662337662337663,409.0,0.0
Segment,F4RMS,Random-WiSARD-dense,101,0,101,49,0,49,0.9021645021645022,0.9636363636363636,20512.0,560270.0
Segment,F4RMS,Random-WiSARD-cuckoo,101,0,101,49,0,49,0.9021645021645022,0.9636363636363636,20512.0,117951.0
Segment,F4RMS,DT,101,0,101,0,0,0,0.9021645021645022,0.9636363636363636,20512.0,14779.0
Segment,F4RMS,RF,101,8,93,50,2,48,0.9424242424242426,0.9636363636363636,56062.0,1446270.0
Segment,F4RMS,CatBoost,0,0,0,50,0,50,0.9704184704184704,0.9636363636363636,118170.66666666667,1446270.0
Segment,F4RMS,XGBoost,0,0,0,49,0,49,0.984848484848485,0.9636363636363636,520191.6,1446270.0
Segment,F4RMS,MLP,101,90,11,49,34,15,0.9021645021645022,0.9584415584415584,20512.0,186908.0
Segment,F4RMS,FT-Transformer,101,101,0,49,49,0,0.9021645021645022,0.9235209235209235,73916.0,413204.0
Segment,F4RMS,TabPFN,0,0,0,0,0,0,0.9021645021645022,0.9636363636363636,20512.0,0.0
Steel Plates,F4RM-WiSARD-dense,Random-WiSARD-dense,101,38,63,49,40,9,0.6544987146529563,0.9830334190231363,1111.0,1088400.0
Steel Plates,F4RM-WiSARD-dense,Random-WiSARD-cuckoo,101,1,100,49,4,45,0.6544987146529563,0.9830334190231363,1111.0,229136.2
Steel Plates,F4RM-WiSARD-dense,DT,101,3,98,50,36,14,0.6544987146529563,0.9922879177377892,1238.0,2201.0
Steel Plates,F4RM-WiSARD-dense,RF,0,0,0,0,0,0,1.0,0.9922879177377892,14849.0,14849.0
Steel Plates,F4RM-WiSARD-dense,CatBoost,0,0,0,0,0,0,1.0,0.9922879177377892,40440.0,40440.0
Steel Plates,F4RM-WiSARD-dense,XGBoost,0,0,0,0,0,0,1.0,0.9922879177377892,87123.0,87123.0
Steel Plates,F4RM-WiSARD-dense,LightGBM,0,0,0,0,0,0,1.0,0.9922879177377892,94387.2,94387.2
Steel Plates,F4RM-WiSARD-dense,MLP,101,0,101,50,0,50,0.9367609254498716,0.9922879177377892,4484.0,199684.0
Steel Plates,F4RM-WiSARD-dense,FT-Transformer,101,98,3,49,48,1,0.8414738646101113,0.9922879177377892,76840.0,285272.0
Steel Plates,F4RM-WiSARD-dense,TabPFN,0,0,0,0,0,0,0.6544987146529563,0.9922879177377892,1111.0,0.0
Steel Plates,F4RM-WiSARD-cuckoo,Random-WiSARD-dense,101,101,0,50,50,0,0.6544987146529563,0.9830334190231363,1104.0,283059.2
Steel Plates,F4RM-WiSARD-cuckoo,Random-WiSARD-cuckoo,101,38,63,50,43,7,0.6544987146529563,0.9830334190231363,233.2,229136.2
Steel Plates,F4RM-WiSARD-cuckoo,DT,101,46,55,50,36,14,0.6544987146529563,0.9922879177377892,1238.0,2201.0
Steel Plates,F4RM-WiSARD-cuckoo,RF,0,0,0,0,0,0,1.0,0.9922879177377892,14849.0,14849.0
Steel Plates,F4RM-WiSARD-cuckoo,CatBoost,0,0,0,0,0,0,1.0,0.9922879177377892,40440.0,40440.0
Steel Plates,F4RM-WiSARD-cuckoo,XGBoost,0,0,0,0,0,0,1.0,0.9922879177377892,87123.0,87123.0
Steel Plates,F4RM-WiSARD-cuckoo,LightGBM,0,0,0,0,0,0,1.0,0.9922879177377892,94387.2,94387.2
Steel Plates,F4RM-WiSARD-cuckoo,MLP,101,33,68,50,1,49,0.9367609254498716,0.9922879177377892,4484.0,199684.0
Steel Plates,F4RM-WiSARD-cuckoo,FT-Transformer,101,101,0,49,49,0,0.8414738646101113,0.9922879177377892,76840.0,283059.2
Steel Plates,F4RM-WiSARD-cuckoo,TabPFN,0,0,0,0,0,0,0.6544987146529563,0.9922879177377892,233.2,0.0
Steel Plates,F4RMS,Random-WiSARD-dense,101,11,90,50,24,26,0.7048843187660669,0.9830334190231363,16305.0,1088400.0
Steel Plates,F4RMS,Random-WiSARD-cuckoo,101,1,100,50,4,46,0.7048843187660669,0.9830334190231363,16305.0,229136.2
Steel Plates,F4RMS,DT,101,0,101,0,0,0,0.7048843187660669,0.9948586118251928,16305.0,2201.0
Steel Plates,F4RMS,RF,0,0,0,0,0,0,1.0,0.9948586118251928,16305.0,14849.0
Steel Plates,F4RMS,CatBoost,0,0,0,0,0,0,1.0,0.9948586118251928,40440.0,40440.0
Steel Plates,F4RMS,XGBoost,0,0,0,0,0,0,1.0,0.9948586118251928,87123.0,87123.0
Steel Plates,F4RMS,LightGBM,0,0,0,0,0,0,1.0,0.9948586118251928,94387.2,94387.2
Steel Plates,F4RMS,MLP,101,0,101,50,0,50,0.9367609254498716,0.9948586118251928,16305.0,199684.0
Steel Plates,F4RMS,FT-Transformer,101,96,5,49,48,1,0.8414738646101113,0.9948586118251928,76840.0,285272.0
Steel Plates,F4RMS,TabPFN,0,0,0,0,0,0,0.7048843187660669,0.9948586118251928,16305.0,0.0
Vehicle,F4RM-WiSARD-dense,Random-WiSARD-dense,101,15,86,50,29,21,0.4105882352941176,0.7482352941176471,1322.0,37521.0
Vehicle,F4RM-WiSARD-dense,Random-WiSARD-cuckoo,101,3,98,50,0,50,0.4105882352941176,0.7482352941176471,1321.0,37521.0
Vehicle,F4RM-WiSARD-dense,DT,101,51,50,50,14,36,0.4105882352941176,0.723529411764706,1321.0,7156.8
Vehicle,F4RM-WiSARD-dense,RF,101,101,0,0,0,0,0.7211764705882354,0.7494117647058823,77713.4,37521.0
Vehicle,F4RM-WiSARD-dense,CatBoost,101,101,0,0,0,0,0.7411764705882353,0.7494117647058823,79354.66666666667,37521.0
Vehicle,F4RM-WiSARD-dense,XGBoost,0,0,0,0,0,0,0.7588235294117647,0.7494117647058823,484372.2,37521.0
Vehicle,F4RM-WiSARD-dense,LightGBM,101,101,0,0,0,0,0.7341176470588235,0.7494117647058823,544402.2,37521.0
Vehicle,F4RM-WiSARD-dense,MLP,101,101,0,50,50,0,0.4105882352941176,0.7047058823529412,2960.0,37521.0
Vehicle,F4RM-WiSARD-dense,FT-Transformer,101,101,0,0,0,0,0.4105882352941176,0.5960784313725491,73264.0,37521.0
Vehicle,F4RM-WiSARD-dense,TabPFN,0,0,0,0,0,0,0.4105882352941176,0.7494117647058823,1321.0,0.0
Vehicle,F4RM-WiSARD-cuckoo,Random-WiSARD-dense,101,101,0,50,50,0,0.4105882352941176,0.7482352941176471,1322.0,7898.6
Vehicle,F4RM-WiSARD-cuckoo,Random-WiSARD-cuckoo,101,15,86,50,25,25,0.4105882352941176,0.7482352941176471,278.0,7898.6
Vehicle,F4RM-WiSARD-cuckoo,DT,101,101,0,50,50,0,0.4105882352941176,0.723529411764706,1310.0,7156.8
Vehicle,F4RM-WiSARD-cuckoo,RF,101,101,0,0,0,0,0.7211764705882354,0.7494117647058823,77713.4,7898.6
Vehicle,F4RM-WiSARD-cuckoo,CatBoost,101,101,0,0,0,0,0.7411764705882353,0.7494117647058823,79354.66666666667,7898.6
Vehicle,F4RM-WiSARD-cuckoo,XGBoost,0,0,0,0,0,0,0.7588235294117647,0.7494117647058823,484372.2,7898.6
Vehicle,F4RM-WiSARD-cuckoo,LightGBM,101,101,0,0,0,0,0.7341176470588235,0.7494117647058823,544402.2,7898.6
Vehicle,F4RM-WiSARD-cuckoo,MLP,101,101,0,50,50,0,0.4105882352941176,0.7047058823529412,2960.0,7898.6
Vehicle,F4RM-WiSARD-cuckoo,FT-Transformer,101,101,0,0,0,0,0.4105882352941176,0.5960784313725491,73264.0,7898.6
Vehicle,F4RM-WiSARD-cuckoo,TabPFN,0,0,0,0,0,0,0.4105882352941176,0.7494117647058823,277.4,0.0
Vehicle,F4RMS,Random-WiSARD-dense,101,10,91,50,3,47,0.6705882352941177,0.7482352941176471,16538.0,271345.0
Vehicle,F4RMS,Random-WiSARD-cuckoo,101,0,101,50,0,50,0.6705882352941177,0.7482352941176471,16538.0,57124.8
Vehicle,F4RMS,DT,101,0,101,0,0,0,0.6705882352941177,0.723529411764706,16538.0,7156.8
Vehicle,F4RMS,RF,101,57,44,50,33,13,0.7211764705882354,0.7505882352941177,77713.4,1064387.6
Vehicle,F4RMS,CatBoost,101,75,26,49,15,34,0.7411764705882353,0.7552941176470588,79354.66666666667,366501.3333333333
Vehicle,F4RMS,XGBoost,0,0,0,50,0,50,0.7588235294117647,0.7552941176470588,484372.2,1178228.0
Vehicle,F4RMS,LightGBM,101,84,17,49,8,36,0.7341176470588235,0.7552941176470588,544402.2,762073.8
Vehicle,F4RMS,MLP,101,101,0,50,50,0,0.6705882352941177,0.7047058823529412,16538.0,729872.0
Vehicle,F4RMS,FT-Transformer,0,0,0,50,50,0,0.6705882352941177,0.5960784313725491,73264.0,411912.0
Vehicle,F4RMS,TabPFN,0,0,0,0,0,0,0.6705882352941177,0.7552941176470588,16538.0,0.0
Waveform,F4RM-WiSARD-dense,Random-WiSARD-dense,101,11,90,50,24,26,0.343,0.8485999999999999,2399.0,895760.0
Waveform,F4RM-WiSARD-dense,Random-WiSARD-cuckoo,101,0,101,50,0,50,0.343,0.8485999999999999,2399.0,188580.6
Waveform,F4RM-WiSARD-dense,DT,101,0,101,50,0,50,0.5733999999999999,0.7727999999999999,2399.0,17873.4
Waveform,F4RM-WiSARD-dense,RF,101,17,84,49,14,35,0.8192,0.8486,216224.0,4580928.0
Waveform,F4RM-WiSARD-dense,CatBoost,0,0,0,49,0,49,0.8556666666666667,0.8486,67594.66666666667,306344.0
Waveform,F4RM-WiSARD-dense,XGBoost,0,0,0,50,0,50,0.8513999999999999,0.8486,577110.6,2074121.8
Waveform,F4RM-WiSARD-dense,MLP,0,0,0,50,0,50,0.8636000000000001,0.8486,5644.0,774668.0
Waveform,F4RM-WiSARD-dense,FT-Transformer,101,0,101,50,0,50,0.8413333333333334,0.8486,78764.0,422916.0
Waveform,F4RM-WiSARD-dense,TabPFN,0,0,0,0,0,0,0.338,0.8486,2399.0,0.0
Waveform,F4RM-WiSARD-cuckoo,Random-WiSARD-dense,101,99,2,50,49,1,0.343,0.8485999999999999,2389.0,895760.0
Waveform,F4RM-WiSARD-cuckoo,Random-WiSARD-cuckoo,101,11,90,50,26,24,0.343,0.8485999999999999,504.8,188580.6
Waveform,F4RM-WiSARD-cuckoo,DT,101,14,87,50,14,36,0.5733999999999999,0.7727999999999999,1426.0,17873.4
Waveform,F4RM-WiSARD-cuckoo,RF,101,101,0,49,49,0,0.8192,0.8486,216224.0,964405.2
Waveform,F4RM-WiSARD-cuckoo,CatBoost,0,0,0,49,0,49,0.8556666666666667,0.8486,67594.66666666667,306344.0
Waveform,F4RM-WiSARD-cuckoo,XGBoost,0,0,0,50,0,50,0.8513999999999999,0.8486,577110.6,964405.2
Waveform,F4RM-WiSARD-cuckoo,MLP,0,0,0,50,0,50,0.8636000000000001,0.8486,5644.0,774668.0
Waveform,F4RM-WiSARD-cuckoo,FT-Transformer,101,9,92,50,9,41,0.8413333333333334,0.8486,78764.0,422916.0
Waveform,F4RM-WiSARD-cuckoo,TabPFN,0,0,0,0,0,0,0.338,0.8486,504.8,0.0
Waveform,F4RMS,Random-WiSARD-dense,101,0,101,0,0,0,0.8399999999999999,0.8485999999999999,1361695.0,895760.0
Waveform,F4RMS,Random-WiSARD-cuckoo,101,0,101,0,0,0,0.8399999999999999,0.8485999999999999,1361695.0,188580.6
Waveform,F4RMS,DT,0,0,0,0,0,0,0.8399999999999999,0.7727999999999999,1361695.0,17873.4
Waveform,F4RMS,RF,101,0,101,49,0,49,0.8399999999999999,0.8496666666666667,1361695.0,8791481.6
Waveform,F4RMS,CatBoost,0,0,0,0,0,0,0.8556666666666667,0.8496666666666667,1361695.0,306344.0
Waveform,F4RMS,XGBoost,0,0,0,49,0,49,0.8513999999999999,0.8496666666666667,1361695.0,2074121.8
Waveform,F4RMS,MLP,0,0,0,0,0,0,0.8636000000000001,0.8496666666666667,1361695.0,774668.0
Waveform,F4RMS,FT-Transformer,101,0,101,0,0,0,0.8413333333333334,0.8496666666666667,1361695.0,422916.0
Waveform,F4RMS,TabPFN,0,0,0,0,0,0,0.8399999999999999,0.8496666666666667,1361695.0,0.0
Wine,F4RM-WiSARD-dense,Random-WiSARD-dense,101,25,76,50,41,9,0.9166666666666666,0.9888888888888889,648.0,2795.0
Wine,F4RM-WiSARD-dense,Random-WiSARD-cuckoo,101,0,101,50,0,50,0.9166666666666666,0.9888888888888889,648.0,1389.8
Wine,F4RM-WiSARD-dense,DT,101,101,0,49,49,0,0.9166666666666666,0.9388888888888889,1846.0,2764.2
Wine,F4RM-WiSARD-dense,RF,101,101,0,0,0,0,0.9333333333333332,0.9777777777777779,13445.6,2795.0
Wine,F4RM-WiSARD-dense,CatBoost,101,101,0,0,0,0,0.9722222222222223,0.9888888888888889,66233.6,2795.0
Wine,F4RM-WiSARD-dense,XGBoost,101,101,0,0,0,0,0.9666666666666668,0.9777777777777779,148644.6,2795.0
Wine,F4RM-WiSARD-dense,LightGBM,101,101,0,0,0,0,0.9555555555555555,0.9666666666666668,140998.6,2795.0
Wine,F4RM-WiSARD-dense,MLP,101,101,0,49,49,0,0.9166666666666666,0.9333333333333333,2188.0,2795.0
Wine,F4RM-WiSARD-dense,FT-Transformer,0,0,0,0,0,0,0.9166666666666666,0.9074074074074074,71852.0,2795.0
Wine,F4RM-WiSARD-dense,TabPFN,0,0,0,0,0,0,0.9166666666666666,0.9888888888888889,648.0,0.0
Wine,F4RM-WiSARD-cuckoo,Random-WiSARD-dense,101,101,0,0,0,0,0.9166666666666666,0.9888888888888889,643.0,588.2
Wine,F4RM-WiSARD-cuckoo,Random-WiSARD-cuckoo,101,25,76,0,0,0,0.9166666666666666,0.9888888888888889,135.6,588.2
Wine,F4RM-WiSARD-cuckoo,DT,101,101,0,0,0,0,0.9166666666666666,0.9388888888888889,1846.0,588.2
Wine,F4RM-WiSARD-cuckoo,RF,101,101,0,0,0,0,0.9333333333333332,0.9777777777777779,13445.6,588.2
Wine,F4RM-WiSARD-cuckoo,CatBoost,101,101,0,0,0,0,0.9722222222222223,0.9888888888888889,66233.6,588.2
Wine,F4RM-WiSARD-cuckoo,XGBoost,101,101,0,0,0,0,0.9666666666666668,0.9777777777777779,148644.6,588.2
Wine,F4RM-WiSARD-cuckoo,LightGBM,101,101,0,0,0,0,0.9555555555555555,0.9666666666666668,140998.6,588.2
Wine,F4RM-WiSARD-cuckoo,MLP,101,101,0,0,0,0,0.9166666666666666,0.9333333333333333,2188.0,588.2
Wine,F4RM-WiSARD-cuckoo,FT-Transformer,0,0,0,0,0,0,0.9166666666666666,0.9074074074074074,71852.0,588.2
Wine,F4RM-WiSARD-cuckoo,TabPFN,0,0,0,0,0,0,0.9166666666666666,0.9888888888888889,135.6,0.0
Wine,F4RMS,Random-WiSARD-dense,101,0,101,0,0,0,0.9055555555555556,0.9833333333333334,7023.0,6604.0
Wine,F4RMS,Random-WiSARD-cuckoo,101,0,101,0,0,0,0.9055555555555556,0.9833333333333334,7023.0,1389.8
Wine,F4RMS,DT,101,0,101,0,0,0,0.8388888888888889,0.9388888888888889,7023.0,2764.2
Wine,F4RMS,RF,101,101,0,0,0,0,0.9333333333333332,0.9777777777777779,13445.6,7289.0
Wine,F4RMS,CatBoost,101,101,0,0,0,0,0.9722222222222223,0.9833333333333334,66233.6,7289.0
Wine,F4RMS,XGBoost,101,101,0,0,0,0,0.9666666666666668,0.9777777777777779,148644.6,7289.0
Wine,F4RMS,LightGBM,101,101,0,0,0,0,0.9555555555555555,0.9666666666666668,140998.6,7289.0
Wine,F4RMS,MLP,101,100,1,50,0,50,0.5555555555555556,0.9333333333333333,7023.0,7289.0
Wine,F4RMS,FT-Transformer,101,101,0,0,0,0,0.4259259259259259,0.9074074074074074,71852.0,7289.0
Wine,F4RMS,TabPFN,0,0,0,0,0,0,0.4166666666666667,0.9833333333333334,7023.0,0.0
Yeast,F4RM-WiSARD-dense,Random-WiSARD-dense,101,42,59,50,27,23,0.3191919191919192,0.6107744107744109,1161.0,267253.0
Yeast,F4RM-WiSARD-dense,Random-WiSARD-cuckoo,101,0,101,50,0,50,0.3191919191919192,0.6107744107744109,1161.0,56263.4
Yeast,F4RM-WiSARD-dense,DT,101,31,70,50,15,35,0.31851851851851853,0.593939393939394,1414.0,10064.0
Yeast,F4RM-WiSARD-dense,RF,0,0,0,50,0,50,0.6161616161616161,0.6107744107744109,150800.8,301268.0
Yeast,F4RM-WiSARD-dense,CatBoost,0,0,0,0,0,0,0.6464646464646465,0.6107744107744109,155178.66666666666,155178.66666666666
Yeast,F4RM-WiSARD-dense,XGBoost,101,101,0,0,0,0,0.5885521885521886,0.6107744107744109,1203103.8,301268.0
Yeast,F4RM-WiSARD-dense,LightGBM,0,0,0,0,0,0,0.6215488215488215,0.6107744107744109,1283755.4,301268.0
Yeast,F4RM-WiSARD-dense,MLP,101,101,0,50,50,0,0.31851851851851853,0.6,2472.0,301268.0
Yeast,F4RM-WiSARD-dense,FT-Transformer,101,101,0,49,49,0,0.31851851851851853,0.4927048260381594,71496.0,274552.0
Yeast,F4RM-WiSARD-dense,TabPFN,0,0,0,0,0,0,0.31851851851851853,0.6107744107744109,1161.0,0.0
Yeast,F4RM-WiSARD-cuckoo,Random-WiSARD-dense,101,101,0,50,50,0,0.3191919191919192,0.6107744107744109,1129.0,63424.4
Yeast,F4RM-WiSARD-cuckoo,Random-WiSARD-cuckoo,101,42,59,50,26,24,0.3191919191919192,0.6107744107744109,244.2,56263.4
Yeast,F4RM-WiSARD-cuckoo,DT,101,76,25,50,19,31,0.31851851851851853,0.593939393939394,1414.0,10064.0
Yeast,F4RM-WiSARD-cuckoo,RF,0,0,0,0,0,0,0.6161616161616161,0.6107744107744109,150800.8,63424.4
Yeast,F4RM-WiSARD-cuckoo,CatBoost,0,0,0,0,0,0,0.6464646464646465,0.6107744107744109,155178.66666666666,63424.4
Yeast,F4RM-WiSARD-cuckoo,XGBoost,101,101,0,0,0,0,0.5885521885521886,0.6107744107744109,1203103.8,63424.4
Yeast,F4RM-WiSARD-cuckoo,LightGBM,0,0,0,0,0,0,0.6215488215488215,0.6107744107744109,1283755.4,63424.4
Yeast,F4RM-WiSARD-cuckoo,MLP,101,101,0,50,50,0,0.31851851851851853,0.6,2472.0,63424.4
Yeast,F4RM-WiSARD-cuckoo,FT-Transformer,101,101,0,0,0,0,0.31851851851851853,0.4927048260381594,71496.0,63424.4
Yeast,F4RM-WiSARD-cuckoo,TabPFN,0,0,0,0,0,0,0.31851851851851853,0.6107744107744109,244.2,0.0
Yeast,F4RMS,Random-WiSARD-dense,101,1,100,49,9,40,0.4040404040404041,0.6161616161616161,13005.0,267253.0
Yeast,F4RMS,Random-WiSARD-cuckoo,101,0,101,49,0,49,0.4040404040404041,0.6161616161616161,13005.0,56263.4
Yeast,F4RMS,DT,101,0,101,0,0,0,0.4040404040404041,0.593939393939394,13005.0,10064.0
Yeast,F4RMS,RF,101,0,101,50,0,50,0.6161616161616161,0.6161616161616161,150800.8,1417648.0
Yeast,F4RMS,CatBoost,0,0,0,0,0,0,0.6464646464646465,0.6161616161616161,155178.66666666666,155178.66666666666
Yeast,F4RMS,XGBoost,101,96,5,49,1,48,0.5885521885521886,0.6161616161616161,1203103.8,6972888.0
Yeast,F4RMS,LightGBM,0,0,0,0,0,0,0.6215488215488215,0.6161616161616161,1283755.4,1283755.4
Yeast,F4RMS,MLP,101,42,59,49,43,6,0.4040404040404041,0.6,13005.0,710952.0
Yeast,F4RMS,FT-Transformer,101,101,0,49,49,0,0.4040404040404041,0.4927048260381594,71496.0,274552.0
Yeast,F4RMS,TabPFN,0,0,0,0,0,0,0.4040404040404041,0.6161616161616161,13005.0,0.0
